PassengerId,Survived,Pclass,Name,Sex,Age,SibSp,Parch,Ticket,Fare,Cabin,Embarked,Age_was_missing,Cabin_known
1,1,2,"Jones, Mrs. Florence",female,59.20231498571705,0,0,458052,20.414056833992213,,S,0,0
2,1,3,"Miller, Miss. Mary",female,20.519991077953264,0,2,183453,8.67114849323237,,S,0,0
3,0,3,"Anderson, Mr. Thomas",male,39.3893352081303,0,0,515275,11.495073109419526,,S,0,0
4,1,3,"Miller, Mrs. Emma",female,33.190096125690886,0,0,386430,22.964273138188386,,S,0,0
5,1,1,"Davis, Mr. James",male,47.22437805158317,2,0,895162,60.83679323733589,,S,0,0
6,0,1,"Anderson, Mr. Arthur",male,28.93634720645708,1,0,328442,63.96028362805381,,C,1,0
7,1,1,"Miller, Mrs. Florence",female,29.44805808692073,5,0,952013,213.14771624986568,,S,0,0
8,1,3,"Moore, Mr. Robert",male,18.452149815153437,0,1,791798,11.272065021197648,,S,0,0
9,0,3,"Jones, Mr. Henry",male,35.43961000114763,3,0,655323,8.199453581340705,,S,0,0
10,0,3,"Jones, Dr. Henry",male,19.511984823470517,0,0,183167,19.123047190720072,,S,0,0
11,0,1,"Wilson, Mr. Robert",male,57.18742146537272,0,0,454740,77.35042448860972,C90,S,0,1
12,0,3,"Davis, Mr. Robert",male,30.911494635158324,0,3,526030,5.212956450476993,G55,S,0,1
13,1,3,"Moore, Mr. Joseph",male,23.88549828163048,0,0,381969,22.40883048980905,,S,0,0
14,0,1,"Brown, Mr. Arthur",male,31.58552428210872,1,0,125637,51.100947660569176,,C,0,0
15,1,1,"Miller, Miss. Edith",female,10.140231946584253,0,0,271046,82.1197044963838,A90,S,0,1
16,1,1,"Taylor, Miss. Alice",female,15.397403460850878,0,0,994413,76.79527896094567,,S,0,0
17,0,2,"Brown, Mr. George",male,45.80579471122196,0,0,532222,22.96090478382403,,C,0,0
18,0,3,"Anderson, Mr. Robert",male,30.268762512030733,0,0,869050,3.2228375759022927,D53,S,1,1
19,0,2,"Moore, Mr. Arthur",male,14.343246242452846,0,1,35532,16.35727228085648,,C,0,0
20,0,2,"Davis, Mr. Charles",male,36.513138535382005,0,0,118197,39.27681947543855,,S,0,0
21,0,3,"Smith, Mr. John",male,45.59985816528196,1,1,140860,25.640521258050708,,S,0,0
22,0,1,"Davis, Mr. Henry",male,39.065346349310936,1,0,70285,44.13496854135524,B73,C,0,1
23,0,2,"Anderson, Mr. Charles",male,42.94466760128143,0,0,815298,34.74692987479632,,S,0,0
24,0,2,"Davis, Mr. William",male,18.404868760027547,0,0,672953,12.66540702728132,,S,0,0
25,1,3,"Taylor, Mr. Thomas",male,9.09465066561419,0,0,281639,9.584884191451764,,C,0,0
26,1,3,"Williams, Mr. William",male,50.01867112737681,1,0,256130,9.891897917592177,,S,0,0
27,1,1,"Williams, Miss. Florence",female,26.157730365737372,0,0,279981,85.39681973781956,,S,1,0
28,0,3,"Smith, Mrs. Helen",female,25.488337769629336,0,0,742068,21.88335984460994,D59,S,0,1
29,0,3,"Williams, Mr. Thomas",male,47.59471798588681,0,0,946184,14.064548935139175,,C,0,0
30,1,1,"Jones, Mrs. Alice",female,26.157730365737372,0,6,524938,74.1690968174654,,Q,1,0
31,0,3,"Wilson, Mr. William",male,35.38242880914251,0,0,982980,21.440751558246827,D22,S,0,1
32,1,1,"Davis, Miss. Florence",female,59.31003282861518,1,2,268750,49.42368686819341,,S,0,0
33,1,1,"Anderson, Mrs. Helen",female,19.990744774678,0,0,525046,76.37811242878279,B49,C,0,1
34,0,3,"Jones, Mr. Arthur",male,30.268762512030733,0,0,302490,21.8101484524726,,S,1,0
35,1,3,"Moore, Mr. Arthur",male,29.798183748559183,1,0,118621,16.485651175943392,,S,0,0
36,0,3,"Anderson, Mr. Charles",male,32.7602919040856,1,0,295556,9.071378737470484,B27,S,0,1
37,0,2,"Miller, Mr. Thomas",male,50.39855796977544,0,0,491615,8.068424335531594,,C,0,0
38,1,1,"Wilson, Mr. John",male,36.109700588054736,0,0,128833,96.40340756252756,,C,0,0
39,0,3,"Wilson, Mr. Thomas",male,36.53614510669486,0,2,434020,4.653881155884883,,S,0,0
40,0,2,"Wilson, Mr. Robert",male,26.577726811301005,2,1,75206,17.605853900746553,G83,S,1,1
41,1,1,"Davis, Miss. Rose",female,23.890661786399605,0,0,20934,162.291755319971,,S,0,0
42,1,3,"Anderson, Mrs. Edith",female,17.251064657253913,2,0,302867,17.16653480258237,,S,0,0
43,0,1,"Anderson, Mr. James",male,14.37267128370553,1,0,924400,23.755979040398486,,S,0,0
44,1,3,"Miller, Mr. Joseph",male,1.4710077487359747,0,0,423621,13.53362801746698,,C,0,0
45,0,2,"Anderson, Mr. William",male,57.78689981916451,0,0,684108,16.514360319547773,,S,0,0
46,0,3,"Taylor, Rev. Henry",male,13.555082879896435,0,2,736126,5.588306051730227,A38,C,0,1
47,1,2,"Smith, Mrs. Rose",female,25.90244926979919,0,0,711773,24.45280787976489,,S,0,0
48,0,3,"Smith, Mr. Henry",male,25.12461380155511,0,0,949858,8.933997476892568,E24,S,0,1
49,0,3,"Williams, Dr. Henry",male,33.30369376932741,0,0,918420,8.967314340416099,,S,0,0
50,0,1,"Williams, Mr. Robert",male,40.42032097555016,4,0,491891,86.18134213831954,,S,0,0
51,1,3,"Miller, Mr. George",male,41.04662883703644,0,0,251630,8.243095420828038,,S,0,0
52,0,3,"Moore, Miss. Edith",female,20.836915860034864,1,0,944892,12.709479725611388,D60,Q,0,1
53,1,3,"Brown, Mrs. Edith",female,26.66029600699024,0,0,508577,8.405714027928822,,C,0,0
54,0,3,"Smith, Mr. Joseph",male,32.95611930683619,0,0,570811,8.687018400272928,,S,0,0
55,0,3,"Brown, Mr. William",male,30.268762512030733,0,0,897582,21.7728659069319,,S,1,0
56,1,3,"Anderson, Col. James",male,51.5028380642799,0,5,393094,23.143399743665512,,Q,0,0
57,1,1,"Williams, Miss. Rose",female,35.87364932293552,2,0,985197,28.69819091299212,,S,0,0
58,1,1,"Moore, Miss. Margaret",female,39.28828900469745,0,0,176804,125.24481488468906,,S,0,0
59,1,1,"Jones, Mr. Thomas",male,38.28033776134378,0,0,575934,185.1527643267849,,S,0,0
60,0,2,"Anderson, Mr. William",male,45.42863400479455,0,0,686381,50.91504014000207,,Q,0,0
61,1,2,"Moore, Mrs. Elizabeth",female,31.534301821851894,0,0,234310,27.32931974140133,,S,0,0
62,1,2,"Williams, Mr. Arthur",male,10.844352728618148,0,1,252024,10.60466033673871,,S,0,0
63,0,3,"Smith, Miss. Annie",female,34.59563132453698,1,0,267476,17.51215399728171,,Q,0,0
64,0,2,"Brown, Mr. Arthur",male,19.881003486914395,1,0,849208,11.871978321740864,C50,S,0,1
65,0,2,"Miller, Mr. John",male,21.599366455503404,0,0,291260,16.280257442325137,,S,0,0
66,0,3,"Anderson, Mr. James",male,30.268762512030733,0,0,999513,15.100924151208428,,S,1,0
67,0,1,"Miller, Mr. John",male,46.335963000070905,0,1,122858,49.36151276430856,G66,C,0,1
68,0,3,"Miller, Mr. James",male,29.29780207430486,0,1,753631,6.031926621478026,,S,0,0
69,1,1,"Davis, Miss. Annie",female,33.3236621763855,0,0,503213,105.7936634409756,,Q,0,0
70,0,3,"Williams, Mr. Charles",male,30.268762512030733,0,1,86620,36.790555653083885,,S,1,0
71,0,3,"Brown, Mr. Robert",male,32.37054451283996,0,0,972275,25.30108418748758,,S,0,0
72,0,1,"Jones, Mr. Arthur",male,28.93634720645708,0,4,431972,122.2830385345016,,Q,1,0
73,0,1,"Davis, Rev. Arthur",male,36.91713503884162,0,0,92604,143.96034734953872,F53,S,0,1
74,0,3,"Taylor, Mr. Henry",male,4.349321371818551,0,4,628740,17.593655394388602,,S,0,0
75,0,3,"Brown, Mr. William",male,39.546782695463456,0,0,930423,15.718632426290114,,S,0,0
76,1,3,"Davis, Miss. Margaret",female,34.33621738835889,0,0,819982,20.57501248870072,,S,0,0
77,0,3,"Jones, Mr. Charles",male,47.05653855715844,1,0,177596,5.279803042975145,,S,0,0
78,0,1,"Davis, Mr. William",male,38.424538917779415,0,5,457822,90.17189691071636,B96,S,0,1
79,1,2,"Moore, Mr. George",male,27.06161622422717,0,1,734179,19.05183361711606,,S,0,0
80,1,1,"Taylor, Mrs. Rose",female,11.85982469194888,0,0,604515,83.87841697511838,,C,0,0
81,1,3,"Miller, Mrs. Emma",female,27.762918571125304,1,0,295356,9.098261223634736,,S,1,0
82,0,3,"Wilson, Mrs. Annie",female,17.0927136410698,0,0,312262,16.398655612993092,,Q,0,0
83,0,2,"Jones, Mr. James",male,20.87267170273388,0,0,825034,12.243258607330874,,S,0,0
84,0,1,"Williams, Mr. William",male,37.24009766188853,0,0,551828,58.07374549959523,,S,0,0
85,0,2,"Brown, Mr. William",male,26.577726811301005,1,0,176901,13.50965108701296,,S,1,0
86,0,2,"Anderson, Mr. John",male,34.525401417521735,2,1,197381,33.58569579427152,,S,0,0
87,0,3,"Smith, Mr. Joseph",male,12.25763713150742,0,0,730763,11.915886953580657,,S,0,0
88,1,3,"Taylor, Mr. Joseph",male,35.22443735508197,1,1,867887,9.101208855008728,,C,0,0
89,0,3,"Wilson, Mr. Charles",male,30.268762512030733,2,0,556565,9.5912270603332,,C,1,0
90,0,3,"Taylor, Mr. James",male,20.46303933952865,2,0,653421,12.027972993200624,,Q,0,0
91,1,1,"Moore, Mrs. Florence",female,26.157730365737372,0,0,462889,211.73417280070308,D48,S,1,1
92,1,3,"Davis, Mr. Charles",male,29.20563472620876,0,0,262196,5.714429389928344,,C,0,0
93,0,3,"Williams, Mr. James",male,18.01142361684864,0,0,945180,17.99713625682514,G40,S,0,1
94,1,3,"Smith, Miss. Emma",female,38.07592607381402,1,0,446060,15.927131722201468,,S,0,0
95,0,3,"Davis, Mr. Charles",male,27.306725919491058,0,0,992212,7.0648191000480525,,C,0,0
96,1,3,"Jones, Miss. Edith",female,34.87345421469839,0,0,806184,28.934383368590304,,S,0,0
97,0,3,"Davis, Dr. Thomas",male,16.5751095107706,0,0,222620,16.58460607638819,,S,0,0
98,0,2,"Taylor, Mr. George",male,22.87558379547225,1,0,477927,14.747775997931194,B77,S,0,1
99,1,1,"Taylor, Ms. Alice",female,39.1133390095888,1,1,443886,26.216228806633666,,S,0,0
100,1,1,"Brown, Miss. Annie",female,23.780335870715263,0,2,208675,91.79104422204584,,C,0,0
101,0,1,"Moore, Miss. Mary",female,53.17749391726767,1,0,696838,77.88078685024774,,S,0,0
102,1,3,"Smith, Mr. George",male,30.268762512030733,0,0,429655,6.465490575083034,D8,Q,1,1
103,0,2,"Jones, Mr. Joseph",male,32.145586160526406,1,0,962251,10.692725254359384,,S,0,0
104,0,3,"Brown, Mr. John",male,30.268762512030733,0,2,781784,20.2066664059634,,S,1,0
105,1,3,"Taylor, Mr. William",male,9.142879738937555,0,0,921764,3.71169893363986,,S,0,0
106,1,2,"Brown, Mrs. Emma",female,4.34867663226914,2,0,433026,24.150423751674097,,S,0,0
107,1,2,"Moore, Mr. James",male,7.640811596018672,0,0,814734,17.872622779288754,,S,0,0
108,1,3,"Taylor, Mrs. Emma",female,46.67617744798055,1,0,338380,16.170677103998816,,C,0,0
109,0,1,"Anderson, Mr. Robert",male,21.273985957505744,0,0,74467,67.0503365268109,,C,0,0
110,0,1,"Brown, Mr. Joseph",male,64.81478999935553,0,1,374494,95.39170393559137,,Q,0,0
111,0,2,"Brown, Mr. James",male,21.10053361879656,0,0,962345,12.807966585794826,,C,0,0
112,1,1,"Moore, Lady. Rose",female,31.58371824475852,0,0,972217,77.67268762564913,,C,0,0
113,1,3,"Davis, Mrs. Edith",female,27.762918571125304,0,0,452762,16.092558765633665,,S,1,0
114,1,3,"Taylor, Mrs. Rose",female,57.08530043422772,0,0,790196,13.13696185107327,,C,0,0
115,1,3,"Brown, Countess. Rose",female,57.86105007290957,0,2,799480,15.075799186364632,,S,0,0
116,0,3,"Davis, Miss. Margaret",female,45.917127228304,0,0,783500,6.876803044022782,,S,0,0
117,1,3,"Brown, Mrs. Alice",female,43.33687536136047,4,1,960794,8.419091399698983,G26,S,0,1
118,0,1,"Anderson, Mr. Joseph",male,37.29537728881657,3,0,593194,56.71409285839038,,S,0,0
119,0,3,"Smith, Mr. Arthur",male,30.268762512030733,0,0,348781,10.165633800958402,D43,S,1,1
120,0,3,"Wilson, Mr. John",male,21.28339997140053,1,2,301922,27.11416734545368,,Q,0,0
121,1,3,"Davis, Miss. Annie",female,17.5452156320877,0,0,168497,9.702653419138317,C91,S,0,1
122,0,3,"Brown, Miss. Mary",female,28.95275759624667,0,1,772405,6.042216857097398,,S,0,0
123,0,2,"Wilson, Rev. William",male,26.617415284651003,1,0,748748,27.680264497915516,,S,0,0
124,1,1,"Anderson, Mrs. Elizabeth",female,22.654807309418143,2,1,130918,179.47083103657178,,S,0,0
125,1,1,"Anderson, Mrs. Mary",female,26.157730365737372,0,0,886468,37.53596438178485,B63,S,1,1
126,0,2,"Davis, Dr. Joseph",male,42.37427291998715,1,0,461392,65.32786880894024,,S,0,0
127,0,3,"Wilson, Mr. James",male,30.237696408085863,0,1,415890,15.394535536860324,,S,0,0
128,1,3,"Wilson, Mrs. Florence",female,27.762918571125304,8,2,465618,22.314598894778108,,S,1,0
129,0,1,"Anderson, Mr. Charles",male,13.016352402130927,0,2,519325,192.91884643813512,,C,0,0
130,0,3,"Miller, Miss. Alice",female,26.288767570083948,0,1,230979,21.509124391603173,,C,0,0
131,0,2,"Moore, Mr. Thomas",male,18.964487511560733,0,1,960557,18.716601585804863,,S,0,0
132,1,1,"Davis, Miss. Emma",female,2.8684873609771597,1,0,782793,166.1092195648524,,S,0,0
133,1,1,"Miller, Mrs. Edith",female,26.157730365737372,0,0,21957,93.2036138911992,A27,S,1,1
134,1,2,"Taylor, Miss. Annie",female,27.29553488263403,2,0,869076,38.475555151070544,,C,0,0
135,0,3,"Moore, Mr. Arthur",male,30.268762512030733,0,0,981120,24.651356762681548,,S,1,0
136,1,2,"Anderson, Miss. Emma",female,37.83136358376689,0,0,909726,10.39364248356531,,S,0,0
137,1,3,"Williams, Miss. Florence",female,27.762918571125304,0,0,27829,19.32669554360413,,C,1,0
138,1,3,"Jones, Mr. Charles",male,54.95729592867863,0,0,277981,10.759310778937238,,S,0,0
139,0,2,"Taylor, Ms. Rose",female,46.09447173735494,0,0,467357,21.72897570140943,,S,0,0
140,0,3,"Smith, Rev. James",male,37.14936784856062,0,0,156104,12.950861345422446,,S,0,0
141,0,3,"Smith, Mr. Henry",male,25.829222616102356,0,0,109770,12.64281134260525,,Q,0,0
142,0,2,"Miller, Mr. Arthur",male,15.567850685871283,0,0,560640,49.89134101225383,,C,0,0
143,0,3,"Williams, Mr. Robert",male,23.789105135005254,0,1,40215,5.28587449847346,,S,0,0
144,0,2,"Brown, Mr. Charles",male,44.2424806758586,1,0,459535,7.115861165550984,,S,0,0
145,1,2,"Moore, Miss. Alice",female,55.384208283084526,1,0,529751,6.269886362984344,A39,S,0,1
146,1,1,"Brown, Mr. Robert",male,50.605409395810646,0,0,740002,151.9441764261546,,Q,0,0
147,0,3,"Taylor, Miss. Emma",female,22.156108094992163,0,0,313391,7.544691132489267,,Q,0,0
148,0,3,"Brown, Mr. William",male,13.325355933953844,0,0,663980,12.990502733307398,,S,0,0
149,0,1,"Davis, Mr. Henry",male,30.97240745675685,0,0,708408,74.67880823064216,,C,0,0
150,0,2,"Williams, Mr. Henry",male,4.2418488821200775,0,0,784474,11.75063391291226,,S,0,0
151,0,3,"Brown, Miss. Elizabeth",female,33.52434799858694,0,0,216604,20.001214412217003,,S,0,0
152,1,1,"Moore, Mr. John",male,28.93634720645708,0,0,601002,74.10987977738685,,S,1,0
153,1,1,"Miller, Mr. William",male,28.93634720645708,0,2,307463,69.36521995108698,,S,1,0
154,1,3,"Taylor, Mrs. Alice",female,6.674157058264864,0,2,653346,13.799459633891912,,Q,0,0
155,0,3,"Miller, Mr. James",male,36.19040149197603,1,0,288169,18.49258610518321,A71,S,0,1
156,0,2,"Davis, Mr. John",male,26.577726811301005,4,0,19780,11.249756988932225,,S,1,0
157,0,3,"Taylor, Mr. William",male,12.621164300055966,0,0,819138,20.26018556963409,,Q,0,0
158,1,3,"Jones, Miss. Emma",female,0.5,0,0,708276,28.640412979163436,,C,0,0
159,0,1,"Brown, Mr. John",male,28.61479132929109,1,2,85503,33.9997514201432,B71,S,0,1
160,1,3,"Wilson, Mrs. Edith",female,53.81152235337642,2,0,171928,14.180758879464952,D7,S,0,1
161,0,2,"Wilson, Mr. Robert",male,26.577726811301005,0,1,899598,16.65614048174327,C10,S,1,1
162,1,3,"Taylor, Miss. Edith",female,22.600652407792197,0,0,19179,18.25510922204514,,S,0,0
163,1,3,"Smith, Miss. Helen",female,20.56903115493507,0,3,703983,5.7829337451026,B71,Q,0,1
164,1,3,"Moore, Miss. Helen",female,35.562839585050334,0,0,682947,31.889269859771623,,Q,0,0
165,0,1,"Brown, Mr. Arthur",male,15.02260385136392,0,1,689093,30.486676460651367,,S,0,0
166,1,3,"Davis, Mrs. Florence",female,33.225086597472526,0,0,791570,10.363998167875213,E53,S,0,1
167,0,2,"Jones, Mr. James",male,39.725123897385664,0,0,491522,25.95358938076216,,S,0,0
168,0,1,"Jones, Mr. William",male,46.17706513438031,0,0,633711,52.99642860725995,,C,0,0
169,1,1,"Anderson, Dr. Robert",male,27.59784292928066,1,0,133076,48.23021566183285,,S,0,0
170,1,3,"Moore, Mrs. Rose",female,26.14856749752248,0,2,145047,13.71168010154978,,S,0,0
171,1,3,"Anderson, Mrs. Edith",female,16.708243785408143,0,2,264477,12.573137601822552,,S,0,0
172,1,1,"Davis, Miss. Elizabeth",female,26.157730365737372,0,1,743815,80.28554050623687,,S,1,0
173,0,3,"Williams, Dr. John",male,30.268762512030733,0,0,347282,20.08794244418776,F95,S,1,1
174,1,1,"Miller, Mr. James",male,34.14311709542649,4,1,710823,63.13927613481263,G57,S,0,1
175,1,3,"Moore, Miss. Annie",female,41.79018476726549,0,0,183226,14.536492903346764,,Q,0,0
176,0,1,"Jones, Mr. Thomas",male,17.755494690475174,0,0,216748,59.03113105254124,,C,0,0
177,0,3,"Jones, Mr. Robert",male,49.8976399654333,1,0,521559,7.208846542698131,,C,0,0
178,0,2,"Jones, Mr. Charles",male,25.20426958540404,0,0,620994,16.85887284360159,,S,0,0
179,0,3,"Taylor, Mr. Charles",male,28.70085787912189,1,0,126905,8.896407445806569,,S,0,0
180,1,1,"Brown, Mr. James",male,18.539036491930474,0,0,38830,61.11420665587136,,S,0,0
181,1,2,"Davis, Rev. Charles",male,0.5,0,0,906508,40.2427041562352,,S,0,0
182,0,1,"Williams, Mr. Arthur",male,28.93634720645708,0,1,475342,68.68731661071297,,C,1,0
183,0,3,"Brown, Mr. Henry",male,39.31581455929407,0,0,974249,8.0620079146717,,S,0,0
184,0,3,"Wilson, Miss. Margaret",female,25.061414200345013,1,0,302753,12.203879759002726,,S,0,0
185,1,2,"Miller, Mr. William",male,29.93787004114821,1,0,551689,21.290671883096657,,C,0,0
186,0,3,"Wilson, Mr. John",male,36.22314904785739,0,0,430945,5.887184748647119,,Q,0,0
187,0,3,"Anderson, Miss. Florence",female,7.1243580035884015,0,0,899912,10.032831714794318,,S,0,0
188,0,3,"Smith, Dr. Arthur",male,21.59326251715187,1,0,128278,9.793276270206531,,S,0,0
189,1,3,"Taylor, Mrs. Emma",female,27.762918571125304,2,0,710527,10.82242191842163,C86,S,1,1
190,1,2,"Davis, Mrs. Helen",female,11.439948075630507,0,0,235253,30.909058533842547,,S,0,0
191,0,1,"Wilson, Mr. George",male,33.10981105033281,0,0,853823,86.8367359508187,G27,S,0,1
192,0,3,"Jones, Mr. William",male,30.268762512030733,0,1,660831,25.06992845155045,F4,S,1,1
193,1,3,"Taylor, Mrs. Margaret",female,27.762918571125304,1,0,925318,11.916338435932198,,Q,1,0
194,1,3,"Brown, Mrs. Emma",female,28.50101924783523,0,0,628871,34.83278419989018,G48,S,0,1
195,0,2,"Miller, Mr. John",male,26.577726811301005,0,1,199243,15.16920317047878,,S,1,0
196,0,2,"Moore, Mr. James",male,45.3063509624004,1,0,491312,12.603755748945115,,S,0,0
197,0,3,"Moore, Mr. Henry",male,18.71571792482731,0,0,147719,16.66462575653877,,S,0,0
198,0,3,"Davis, Miss. Rose",female,17.656465881798667,0,1,948610,27.20377668201885,,C,0,0
199,1,3,"Anderson, Capt. Arthur",male,31.8079687612332,0,0,278159,5.2468330553534335,C42,S,0,1
200,1,3,"Wilson, Miss. Helen",female,45.080922892002015,0,0,293650,10.662279800767486,C91,S,0,1
201,0,3,"Wilson, Mr. Joseph",male,14.778494534302444,0,0,255221,8.318130106313797,,S,0,0
202,0,1,"Wilson, Mr. Henry",male,28.93634720645708,0,0,34067,87.15927939832741,,C,1,0
203,0,1,"Taylor, Mr. James",male,35.00343100462802,0,0,402963,80.48230839443524,,S,0,0
204,0,3,"Smith, Mr. William",male,38.70347850168402,0,0,519993,26.90024510737566,C28,C,0,1
205,1,3,"Davis, Dr. Arthur",male,31.47018177388115,1,0,536344,11.244327441503584,,S,0,0
206,1,1,"Miller, Mr. John",male,23.861610252833486,1,0,264770,182.52681505840852,,S,0,0
207,0,1,"Smith, Mr. Robert",male,17.413736910917926,0,0,563616,66.21893392906455,,S,0,0
208,1,3,"Moore, Miss. Helen",female,27.762918571125304,0,0,874144,20.921885722874368,,Q,1,0
209,0,1,"Williams, Mr. William",male,28.93634720645708,0,0,62832,91.7644026343206,G81,Q,1,1
210,1,1,"Brown, Mr. George",male,0.5,0,0,52771,213.14771624986568,,S,0,0
211,1,3,"Williams, Miss. Edith",female,35.11183725820735,0,0,107421,4.946586447363381,,S,0,0
212,1,3,"Davis, Miss. Helen",female,27.762918571125304,0,2,187587,5.969075269239813,,S,1,0
213,1,3,"Brown, Miss. Rose",female,0.5,0,0,598826,36.01300130369712,G10,S,0,1
214,1,1,"Miller, Miss. Margaret",female,14.863770134060877,0,0,996154,51.52502327928604,,S,0,0
215,1,3,"Smith, Mr. Joseph",male,37.66815965407277,0,0,482194,8.028716161721142,A86,C,0,1
216,0,1,"Jones, Mr. Thomas",male,57.80493657596378,1,0,312295,47.303887646295145,F21,Q,0,1
217,1,2,"Jones, Mrs. Florence",female,26.88217402885084,0,2,666989,39.83714814602839,,S,1,0
218,0,3,"Brown, Miss. Elizabeth",female,18.80795882279212,0,0,355607,5.656651344332439,D53,S,0,1
219,0,3,"Jones, Mr. Charles",male,26.43944982453224,0,2,631141,12.162736558577064,,C,0,0
220,1,3,"Williams, Miss. Annie",female,48.24826986807459,1,0,623720,10.23213805560952,,C,0,0
221,0,3,"Anderson, Mr. Henry",male,19.956501492256507,1,0,300299,22.34976932306514,G76,S,0,1
222,1,3,"Brown, Rev. William",male,30.268762512030733,0,0,785817,8.556549836227088,A54,S,1,1
223,0,1,"Wilson, Mr. Charles",male,22.241590689451545,0,1,159360,102.63614715500428,,S,0,0
224,0,2,"Williams, Mr. John",male,15.653399484378028,0,0,322732,9.904632426100813,A20,S,0,1
225,0,2,"Jones, Mr. Joseph",male,30.717384423927136,0,0,228023,78.26471765327035,,S,0,0
226,1,2,"Moore, Mr. Henry",male,51.745498418573845,0,0,701445,17.32199149235224,,S,0,0
227,0,3,"Miller, Mrs. Mary",female,33.52310982362441,1,0,545539,12.063263267425036,,S,0,0
228,1,2,"Jones, Mr. William",male,25.467050970231973,0,2,112420,53.9784497854554,,S,0,0
229,0,3,"Smith, Mr. Arthur",male,24.914642235182384,1,0,690934,8.439330537031147,A49,S,0,1
230,1,3,"Wilson, Mrs. Emma",female,7.115328678246801,0,0,281767,32.63339189986842,B7,S,0,1
231,1,3,"Brown, Lady. Rose",female,41.363536880060224,0,0,227544,9.374787878481824,E48,C,0,1
232,0,3,"Smith, Mrs. Elizabeth",female,27.91027924182077,1,0,326859,17.956022250389967,,C,0,0
233,1,3,"Smith, Mrs. Elizabeth",female,26.47328120973124,0,2,278267,8.51047421685404,,S,0,0
234,1,3,"Wilson, Lady. Helen",female,27.762918571125304,0,0,275205,5.318997164659825,,S,1,0
235,0,1,"Wilson, Mr. Henry",male,33.18254071711961,0,0,116393,102.59438919146083,E13,Q,0,1
236,0,3,"Brown, Rev. George",male,18.47492529866742,0,1,788504,17.616724215653864,,S,0,0
237,1,2,"Wilson, Mr. William",male,23.030993653122398,8,0,898467,9.081149923558078,,S,0,0
238,1,1,"Jones, Mr. John",male,45.07823992875457,0,0,311239,66.5392263265059,,S,0,0
239,1,3,"Williams, Rev. Joseph",male,30.585785747528703,5,0,200690,24.66442758192524,,S,0,0
240,1,1,"Jones, Miss. Mary",female,8.864108303556865,4,0,955955,114.67453724930672,,S,0,0
241,0,3,"Jones, Mr. Thomas",male,41.86920508405285,1,0,878329,9.466674166338288,,C,0,0
242,0,3,"Moore, Major. James",male,19.645982802454085,0,2,615731,8.384554211017734,,S,0,0
243,0,3,"Smith, Mr. Charles",male,55.22616886704564,0,0,390149,38.62320435200868,,S,0,0
244,0,2,"Miller, Mrs. Helen",female,44.12067292000508,1,0,831246,8.394468958690283,,Q,0,0
245,0,1,"Jones, Mr. Arthur",male,22.737493460777483,0,2,521048,77.20834059796655,,S,0,0
246,0,3,"Miller, Miss. Edith",female,46.93422906429159,0,0,95141,4.983281080382476,,S,0,0
247,1,2,"Jones, Mr. Arthur",male,29.949977147383645,0,0,501008,44.01898686328502,,S,0,0
248,0,3,"Taylor, Mr. George",male,40.938831451711074,0,0,742228,11.94881944713933,,S,0,0
249,0,3,"Brown, Mr. Arthur",male,35.78625944212265,0,2,703192,13.353935035805565,,S,0,0
250,1,3,"Brown, Mrs. Helen",female,17.15100683012777,0,0,674805,63.1960649373336,C2,S,0,1
251,0,2,"Moore, Mr. Robert",male,19.99030234755553,0,1,174562,14.00828118720763,,S,0,0
252,1,2,"Miller, Miss. Edith",female,26.88217402885084,1,1,564055,57.10420872928105,,S,1,0
253,0,3,"Davis, Mr. George",male,24.313145350508428,0,0,56057,9.492172400675976,,S,0,0
254,0,2,"Jones, Mr. Arthur",male,23.348921514612044,2,0,221818,17.385296130671076,,S,0,0
255,0,1,"Taylor, Mrs. Elizabeth",female,15.628283889109058,1,1,230767,213.14771624986568,,S,0,0
256,1,3,"Davis, Miss. Edith",female,27.762918571125304,1,0,706403,10.894438432073056,,S,1,0
257,0,3,"Davis, Miss. Elizabeth",female,57.87534886940403,0,1,358899,5.260803686618329,,S,0,0
258,0,3,"Moore, Mrs. Annie",female,14.05453920044018,1,2,824378,14.2115913327809,,Q,0,0
259,0,3,"Miller, Miss. Margaret",female,27.762918571125304,0,0,177659,10.818574897194008,,S,1,0
260,1,1,"Smith, Mrs. Emma",female,48.771087775816014,1,0,275508,99.7118114354103,,S,0,0
261,1,3,"Williams, Mrs. Edith",female,27.885020522559987,0,1,523993,11.07563857921042,,C,0,0
262,1,3,"Jones, Miss. Margaret",female,27.762918571125304,1,1,997358,45.34198477616402,,S,1,0
263,1,1,"Miller, Mrs. Elizabeth",female,14.126490605943683,8,0,721448,111.72808847428335,,S,0,0
264,0,3,"Smith, Mr. Arthur",male,34.99629936090708,0,0,520684,6.296084127949578,F6,C,0,1
265,0,3,"Miller, Miss. Alice",female,26.37998028993632,0,0,611303,12.931093125370596,,C,0,0
266,0,3,"Williams, Mr. Joseph",male,42.80021993951808,1,0,148470,7.427050107171815,,S,0,0
267,1,3,"Miller, Ms. Margaret",female,27.762918571125304,0,0,405668,10.342672979063996,,S,1,0
268,1,3,"Davis, Miss. Alice",female,27.762918571125304,1,0,359352,6.949308953262956,,S,1,0
269,1,2,"Wilson, Mr. Arthur",male,26.577726811301005,0,0,919640,70.810223321916,E71,C,1,1
270,0,2,"Miller, Miss. Alice",female,26.88217402885084,0,0,960697,13.20904080273444,,S,1,0
271,0,3,"Williams, Mr. Robert",male,31.721380222082704,4,0,559633,18.12777442923985,,S,0,0
272,0,3,"Smith, Mr. Henry",male,24.055671900650363,0,0,515027,9.883028534910611,E56,C,0,1
273,1,3,"Moore, Miss. Elizabeth",female,33.73877380846368,1,0,358039,5.988606493477639,,S,0,0
274,0,3,"Williams, Mr. George",male,24.864380258053583,0,0,739695,13.510892764292525,,C,0,0
275,1,3,"Taylor, Miss. Alice",female,27.762918571125304,0,0,986700,15.261323498944485,,S,1,0
276,1,3,"Davis, Mrs. Elizabeth",female,47.44636549851144,0,0,164125,16.77823598450817,,S,0,0
277,0,3,"Jones, Mr. George",male,14.908404086085024,0,0,790912,2.488238815140833,,S,0,0
278,0,3,"Davis, Mr. George",male,44.95829985580664,1,0,663310,5.720173983280421,,C,0,0
279,0,3,"Davis, Dr. William",male,47.43961094275812,0,2,408231,21.31560601503781,G98,S,0,1
280,0,3,"Wilson, Mr. William",male,27.347040622124897,0,0,238273,6.894627411006852,G32,S,0,1
281,1,3,"Williams, Mrs. Rose",female,0.5,0,2,936161,13.553883073672363,,S,0,0
282,0,2,"Davis, Mr. Arthur",male,20.490492180677947,1,0,323260,9.401953214022978,,S,0,0
283,0,2,"Wilson, Rev. Thomas",male,47.157923651855526,0,0,163023,31.021885362955413,,Q,0,0
284,0,1,"Brown, Mr. John",male,28.67984712781565,1,2,369743,139.88048679388498,,S,0,0
285,0,3,"Miller, Mr. Arthur",male,15.009768747871249,0,0,239351,18.61658022306246,A13,S,0,1
286,1,1,"Wilson, Mrs. Edith",female,21.93315110280496,0,0,822953,148.6449716482717,,Q,0,0
287,0,3,"Miller, Dr. John",male,40.76868037106375,1,0,326575,30.668827158735528,,S,0,0
288,1,3,"Jones, Mrs. Edith",female,36.65426995481931,0,0,807163,5.932597658621904,F25,S,0,1
289,0,2,"Anderson, Mr. Thomas",male,25.65495061162428,0,0,684104,12.46006979493365,E60,S,0,1
290,1,3,"Moore, Ms. Helen",female,23.864458234594373,0,0,335238,20.561754899331397,C85,C,0,1
291,0,1,"Miller, Mr. James",male,23.515385913386496,0,0,814855,157.6154960493444,D58,S,0,1
292,1,1,"Taylor, Mr. John",male,16.086257417020967,1,0,386756,53.37918428266377,,S,0,0
293,0,3,"Brown, Mrs. Annie",female,27.762918571125304,0,2,945072,7.679657966782521,D34,S,1,1
294,0,2,"Davis, Mr. William",male,24.487513431041243,1,0,974915,13.523165523945687,,S,0,0
295,1,1,"Miller, Mrs. Margaret",female,46.04021929155695,0,0,538222,30.537934236066203,E82,S,0,1
296,0,3,"Jones, Mrs. Emma",female,50.29842472691432,0,1,86945,5.596044117248977,,S,0,0
297,0,3,"Wilson, Mr. Robert",male,30.268762512030733,2,0,785842,5.67761393592063,,S,1,0
298,0,1,"Brown, Mr. Henry",male,22.957315621947323,0,0,926875,67.05864602884203,,S,0,0
299,0,3,"Taylor, Miss. Emma",female,34.65222126471253,0,0,631234,14.117406778552052,,S,0,0
300,1,1,"Brown, Mr. Thomas",male,28.66126151052717,0,0,630632,103.76309143529213,D43,C,0,1
301,1,1,"Taylor, Mr. James",male,16.348173949778207,0,0,149244,58.96177088001688,,C,0,0
302,0,3,"Davis, Mr. Thomas",male,33.54102994410244,0,1,561646,8.975641247571946,A57,C,0,1
303,0,3,"Anderson, Mr. Joseph",male,12.493442923762764,0,2,731673,12.92422615797567,,S,0,0
304,0,3,"Jones, Mr. Henry",male,45.62751143846189,0,0,139774,4.890516470008784,,S,0,0
305,0,3,"Wilson, Mrs. Elizabeth",female,27.762918571125304,0,0,291907,21.339738013933204,,S,1,0
306,1,3,"Wilson, Miss. Mary",female,31.81623518221975,0,0,976177,25.9491231016384,C54,Q,0,1
307,1,3,"Smith, Miss. Florence",female,27.762918571125304,0,0,503938,8.24459857031665,,C,1,0
308,0,2,"Brown, Countess. Annie",female,25.37533036814292,0,2,499922,15.747326076606608,,C,0,0
309,1,3,"Taylor, Col. Robert",male,37.21371322065384,0,0,95997,25.30226670226341,A45,S,0,1
310,0,2,"Anderson, Mrs. Annie",female,26.88217402885084,3,0,251830,18.576573895892807,,S,1,0
311,1,2,"Anderson, Mr. Joseph",male,26.577726811301005,0,1,864407,28.46512179408011,F37,S,1,1
312,1,1,"Anderson, Capt. George",male,28.93634720645708,1,0,148876,75.68979920017182,,S,1,0
313,0,1,"Smith, Mr. John",male,30.769314113649767,0,0,975098,203.5295224372102,,S,0,0
314,0,3,"Miller, Major. Robert",male,56.14500598681599,0,0,219820,16.102176138504948,,Q,0,0
315,0,3,"Anderson, Mrs. Edith",female,14.995361455521952,0,1,621477,16.668156669590616,,S,0,0
316,1,3,"Smith, Miss. Elizabeth",female,27.762918571125304,0,0,621795,16.85572856203227,,S,1,0
317,0,2,"Taylor, Mr. John",male,26.577726811301005,0,1,339669,14.33442564277643,D48,S,1,1
318,1,1,"Taylor, Mr. Thomas",male,28.93634720645708,0,0,633536,60.58716988074875,,Q,1,0
319,1,1,"Miller, Miss. Elizabeth",female,26.157730365737372,0,1,558892,126.9221642195648,,S,1,0
320,1,2,"Miller, Rev. Henry",male,35.84861982206729,2,1,913017,21.575965162916507,,S,0,0
321,0,3,"Miller, Mr. Thomas",male,37.88610055986478,0,0,949639,5.920021289572013,,C,0,0
322,0,3,"Williams, Mr. John",male,44.535797787387125,0,0,703278,36.92058684541371,D54,S,0,1
323,1,3,"Miller, Miss. Helen",female,27.762918571125304,1,0,139716,21.579629050245,,S,1,0
324,1,2,"Williams, Miss. Florence",female,25.622392835340406,0,0,716209,20.456651122226532,,S,0,0
325,0,3,"Anderson, Mr. Joseph",male,38.41603181683824,0,0,171919,10.18387982393757,,S,0,0
326,0,3,"Jones, Mr. Robert",male,55.59834708853302,1,0,971278,13.519217129372247,,C,0,0
327,1,3,"Jones, Miss. Mary",female,27.14312755064397,1,0,463925,16.369481372229043,,C,0,0
328,1,3,"Davis, Mrs. Mary",female,27.762918571125304,1,0,544968,3.5434690622539757,,S,1,0
329,0,2,"Davis, Mr. Arthur",male,44.49912937001762,0,0,647796,71.03282536221428,,S,0,0
330,1,2,"Moore, Lady. Helen",female,27.314663704649625,0,0,105619,12.45100930194092,F6,S,0,1
331,1,2,"Davis, Mr. Charles",male,0.5,2,0,65037,19.97714547232731,,S,0,0
332,0,3,"Miller, Mr. John",male,40.863903480105904,0,1,634257,12.253685874599212,,S,0,0
333,1,1,"Smith, Mrs. Edith",female,21.50540539664508,0,0,121115,213.14771624986568,B63,S,0,1
334,0,1,"Anderson, Col. John",male,27.732534047741748,0,0,68914,75.8799381580567,F48,S,0,1
335,0,1,"Taylor, Mr. George",male,33.647724627966205,0,2,691669,207.4999318601872,,C,0,0
336,0,1,"Davis, Mr. Robert",male,31.66699551690693,0,0,117255,102.1112715615999,,S,0,0
337,0,3,"Moore, Mr. James",male,38.93232543994655,0,2,544637,6.7380848149745125,,S,0,0
338,0,3,"Williams, Miss. Alice",female,22.903190812022192,0,0,478295,13.010167025081891,G84,S,0,1
339,1,3,"Miller, Mr. George",male,36.18348117446516,0,0,464036,11.176366520743844,,C,0,0
340,1,1,"Wilson, Miss. Florence",female,26.157730365737372,1,0,216068,41.74519453571746,E47,S,1,1
341,0,3,"Anderson, Mr. Joseph",male,39.34334673242504,0,0,962057,14.872893254793,,S,0,0
342,0,3,"Anderson, Mr. John",male,37.615144776182746,0,0,562813,12.160199707264203,,S,0,0
343,0,1,"Jones, Mr. Arthur",male,15.903858171375663,0,0,278092,111.70703194564388,,C,0,0
344,1,2,"Anderson, Mrs. Alice",female,44.20374962645045,0,0,548786,22.46017950109753,,S,0,0
345,1,2,"Brown, Mr. Charles",male,21.496511768403327,0,0,946495,13.53217976606138,,C,0,0
346,1,3,"Brown, Mrs. Helen",female,27.762918571125304,0,0,755870,19.02791373851104,,Q,1,0
347,0,3,"Taylor, Mr. William",male,34.142022387618766,1,0,69790,8.250449482880516,,S,0,0
348,1,1,"Davis, Miss. Helen",female,26.157730365737372,2,0,935164,12.456272620881332,,S,1,0
349,1,2,"Miller, Mr. George",male,25.87147624679407,0,0,36245,21.60498429193111,,S,0,0
350,0,3,"Wilson, Ms. Helen",female,27.762918571125304,0,2,141310,8.60602391637573,D32,S,1,1
351,0,3,"Williams, Miss. Helen",female,28.728125517571744,0,0,947424,15.092304111752522,B53,Q,0,1
352,0,3,"Smith, Miss. Florence",female,24.755483040320144,1,2,56659,39.81444122597401,F52,S,0,1
353,1,3,"Anderson, Mrs. Elizabeth",female,40.1991866271887,1,1,521765,40.51006515885757,,S,0,0
354,1,1,"Miller, Miss. Annie",female,6.3716514818877705,0,0,922415,72.45407271546034,,S,0,0
355,1,1,"Smith, Mr. Joseph",male,14.248446131951043,0,0,609162,48.721359722292654,,S,0,0
356,0,3,"Williams, Mr. William",male,14.050759097891296,1,0,314661,17.042608981749677,,S,0,0
357,0,1,"Jones, Mr. George",male,42.30430628763006,0,0,660906,64.06455709408138,,S,0,0
358,1,3,"Anderson, Miss. Alice",female,27.762918571125304,0,0,610173,15.17990575114398,,S,1,0
359,0,3,"Smith, Mr. Robert",male,27.5377109404754,0,0,580638,8.071910477177912,,C,0,0
360,1,3,"Miller, Miss. Annie",female,27.762918571125304,0,0,873611,13.947804319137516,,S,1,0
361,1,2,"Williams, Dr. Thomas",male,29.98073028358454,1,0,788539,12.287073590656968,,S,0,0
362,0,3,"Davis, Mr. Charles",male,45.26629623651466,2,0,955778,24.42137319289539,A36,S,0,1
363,0,3,"Davis, Mr. Thomas",male,16.01705612133196,0,0,317157,8.422612348795704,,S,0,0
364,0,3,"Jones, Miss. Helen",female,32.33716575828699,0,1,771563,17.842230925814917,F22,C,0,1
365,0,3,"Brown, Mr. William",male,42.65276681695401,0,0,49913,5.6183963705935165,C60,S,0,1
366,0,2,"Taylor, Mr. Arthur",male,26.577726811301005,0,0,245237,31.95844891088981,,S,1,0
367,0,3,"Moore, Mr. Joseph",male,31.65414263238241,0,0,317963,6.719919721289906,,S,0,0
368,0,3,"Moore, Mr. John",male,43.01464529593998,0,0,92168,14.035821410605552,,Q,0,0
369,0,1,"Jones, Mr. James",male,0.5,0,0,364824,147.81289022498606,,S,0,0
370,1,1,"Wilson, Rev. James",male,38.49025447343271,0,0,366936,70.95436298684331,,C,0,0
371,1,1,"Moore, Mrs. Emma",female,19.842940436216068,0,0,730270,43.14327217511671,,S,0,0
372,1,1,"Wilson, Mr. John",male,3.371139444009604,0,0,688845,107.78237403693574,,S,0,0
373,0,1,"Brown, Mr. Arthur",male,36.15683639334973,0,2,406076,48.300301133250166,,S,0,0
374,0,3,"Brown, Mr. James",male,48.23121963228141,0,2,59875,9.415519045938444,,C,0,0
375,0,1,"Anderson, Mr. George",male,27.075720795212312,5,0,155991,93.813074225972,,S,0,0
376,0,2,"Miller, Mr. Charles",male,26.577726811301005,0,0,502089,45.24706902946644,,Q,1,0
377,0,3,"Miller, Mr. George",male,51.57189561184104,0,0,870379,12.192715241779336,E60,S,0,1
378,0,1,"Anderson, Mr. Joseph",male,47.40880235017666,1,0,19586,81.10471849143087,,S,0,0
379,0,3,"Miller, Mr. Charles",male,51.9595034111995,8,0,61986,18.67927061928785,,S,0,0
380,1,2,"Jones, Miss. Annie",female,26.88217402885084,0,0,886280,20.61368986353189,,C,1,0
381,1,1,"Brown, Countess. Emma",female,30.0560709446223,1,2,295199,117.13706613799076,B25,S,0,1
382,1,3,"Jones, Mrs. Helen",female,6.572478633439641,0,0,438106,22.92038702074347,,C,0,0
383,0,3,"Moore, Mr. Charles",male,25.55512516618072,0,0,466297,9.85781320591905,,C,0,0
384,1,3,"Anderson, Mr. George",male,17.194547665573317,0,0,563095,1.6818599085039243,,Q,0,0
385,0,3,"Wilson, Mr. Robert",male,30.268762512030733,0,0,226992,7.345959202186785,,S,1,0
386,0,3,"Miller, Mr. Henry",male,26.53759862594729,1,0,843609,24.781957203874285,G21,S,0,1
387,0,2,"Jones, Mrs. Helen",female,30.7248672949828,0,2,497677,19.598899265096733,,C,0,0
388,0,1,"Wilson, Mr. Joseph",male,36.72079526456655,0,0,78625,65.27104168292027,,S,0,0
389,1,3,"Moore, Mr. Joseph",male,29.610434249214357,0,0,941746,24.16674816930807,,S,0,0
390,0,3,"Taylor, Rev. James",male,30.268762512030733,0,0,328461,11.292194107295709,,S,1,0
391,0,3,"Wilson, Mrs. Edith",female,20.28290893571767,0,0,443194,3.4191320295636998,C81,S,0,1
392,0,2,"Taylor, Mr. Robert",male,26.577726811301005,1,0,288577,8.105566411466388,,S,1,0
393,1,2,"Jones, Mr. Henry",male,18.605411800227323,1,0,43282,25.711055796820386,,S,0,0
394,0,3,"Miller, Mr. Joseph",male,10.51968484291012,1,0,610807,11.527921911136586,A31,S,0,1
395,0,2,"Davis, Mr. Thomas",male,20.435232727326003,1,1,774634,47.87177876003988,,S,0,0
396,0,3,"Taylor, Mr. Charles",male,28.48148484132223,0,0,840010,7.728736842701995,,S,0,0
397,0,3,"Moore, Mr. William",male,22.98976885675836,1,0,140843,9.96626801651624,B90,S,0,1
398,1,2,"Wilson, Mr. Charles",male,19.306106281766017,0,0,642621,11.76384011687106,E36,S,0,1
399,0,3,"Williams, Mr. James",male,9.311555508594324,0,1,997711,8.78064742184584,A4,S,0,1
400,1,3,"Moore, Mr. William",male,27.836521983198278,0,0,165205,3.856516477486437,,S,0,0
401,0,1,"Williams, Mr. Robert",male,7.933914763565969,0,0,533566,63.47307728585872,,S,0,0
402,0,3,"Smith, Mr. William",male,30.268762512030733,0,0,584605,11.632295581423763,,S,1,0
403,1,3,"Brown, Miss. Mary",female,30.154156541083047,0,0,137878,11.05749130381314,,C,0,0
404,0,3,"Williams, Miss. Edith",female,8.594279007490972,1,0,118745,43.58175537287029,,S,0,0
405,1,2,"Davis, Mr. Arthur",male,24.671072921301917,0,1,401374,60.088773065722975,,C,0,0
406,0,3,"Anderson, Mr. Robert",male,18.469810321731835,0,0,600238,7.647409531898162,D90,S,0,1
407,1,2,"Anderson, Mr. Robert",male,33.46844314586853,3,0,593900,5.86715739505657,,S,0,0
408,1,1,"Williams, Dr. Thomas",male,28.93634720645708,0,0,74873,75.37731916369786,,S,1,0
409,1,3,"Williams, Ms. Rose",female,2.747585424959574,0,1,778757,15.041495263420884,,S,0,0
410,0,1,"Jones, Mr. Henry",male,30.61036510806384,0,0,650080,47.7384040657535,,S,0,0
411,1,2,"Moore, Miss. Mary",female,26.758140862067037,0,0,752138,12.29443711742146,,S,0,0
412,0,3,"Brown, Mr. Joseph",male,30.268762512030733,0,0,203074,31.014028406776514,,S,1,0
413,0,3,"Taylor, Mr. Joseph",male,31.984752795327648,0,0,980012,10.28180375414572,D9,S,0,1
414,1,3,"Moore, Mrs. Emma",female,18.472429355656534,0,0,503936,17.85452113816104,,S,0,0
415,1,3,"Wilson, Mrs. Helen",female,24.533244900667345,0,0,703739,6.866971855224143,F45,Q,0,1
416,1,2,"Wilson, Miss. Rose",female,26.88217402885084,0,0,921246,19.328254678359272,,S,1,0
417,0,2,"Smith, Mrs. Emma",female,44.06409994038037,0,0,549519,16.345118030892916,D69,S,0,1
418,1,2,"Wilson, Mr. Thomas",male,29.298363081407192,0,0,359529,13.336549252116878,E23,S,0,1
419,1,3,"Moore, Miss. Florence",female,55.6166696005421,1,0,575451,24.00079360559444,,S,0,0
420,0,3,"Anderson, Mr. Arthur",male,28.150748606595307,0,0,918312,5.215215673681326,,C,0,0
421,0,3,"Miller, Miss. Florence",female,19.08230526325352,0,1,959180,14.36709819973158,F72,S,0,1
422,0,3,"Brown, Mr. Thomas",male,7.807998503420421,1,2,884024,9.697165792687308,,S,0,0
423,1,1,"Jones, Countess. Margaret",female,26.157730365737372,0,2,378708,102.60855628964084,,C,1,0
424,0,3,"Davis, Mr. Thomas",male,6.822096797923145,0,1,788755,9.776295904717452,F97,S,0,1
425,0,1,"Miller, Dr. Henry",male,32.73977311416077,0,0,589823,134.60471843382842,,S,0,0
426,0,3,"Moore, Mr. James",male,36.122150325219074,1,0,383096,6.828363845849871,,Q,0,0
427,1,2,"Brown, Miss. Florence",female,26.88217402885084,1,0,187182,40.0554277453069,,S,1,0
428,0,3,"Davis, Mr. Joseph",male,30.268762512030733,0,0,712338,11.794402246006328,,S,1,0
429,1,2,"Williams, Mr. Joseph",male,22.237145276431846,1,0,756178,9.012664511475272,,S,0,0
430,0,1,"Wilson, Mr. Henry",male,31.05510216779769,0,0,737729,120.32012609711602,,S,0,0
431,0,1,"Brown, Dr. Joseph",male,51.57108879557594,0,0,407968,71.00262076642817,G60,S,0,1
432,0,3,"Smith, Mrs. Margaret",female,41.55575042211745,0,0,558795,4.30683757761777,,C,0,0
433,0,3,"Davis, Mr. Joseph",male,25.24057092931835,0,0,488921,14.64922598154858,,S,0,0
434,1,1,"Miller, Mrs. Edith",female,16.523308844185976,1,2,658513,146.34751949134792,,S,0,0
435,1,1,"Brown, Mr. Charles",male,0.5,0,0,264295,172.65719189485424,,Q,0,0
436,0,3,"Wilson, Mr. Charles",male,18.93185353060612,0,0,120282,9.562942955543347,F80,S,0,1
437,1,1,"Jones, Miss. Alice",female,26.04417665641228,2,2,968999,87.28839031060721,E80,S,0,1
438,1,3,"Brown, Miss. Margaret",female,27.762918571125304,0,0,231538,12.369434321198778,,S,1,0
439,0,3,"Anderson, Mr. Henry",male,27.16240246070773,0,0,201958,29.33520201186049,,C,0,0
440,0,1,"Miller, Mr. Joseph",male,30.07592636142276,0,0,342703,49.19212182899523,G51,C,0,1
441,1,1,"Taylor, Miss. Florence",female,25.8520162546869,1,0,535270,60.53556014453613,,S,0,0
442,1,3,"Jones, Col. Henry",male,19.899963868471563,1,1,220913,7.272313482627288,,S,0,0
443,0,2,"Jones, Miss. Elizabeth",female,31.361165407534187,0,0,663416,8.38330274938472,,S,0,0
444,1,2,"Davis, Mrs. Helen",female,35.187169093971725,0,0,419362,23.205854179985074,,C,0,0
445,1,3,"Miller, Mrs. Mary",female,13.734412915800156,0,0,781393,31.364781302210325,,S,0,0
446,0,3,"Wilson, Mr. Joseph",male,48.753053316447776,1,0,195915,10.652727628109629,,S,0,0
447,0,3,"Jones, Miss. Elizabeth",female,27.619766148020336,0,2,261762,7.069350982253582,,C,0,0
448,0,3,"Davis, Mr. John",male,29.263894721227867,0,0,611025,13.42370898966006,,S,0,0
449,0,2,"Davis, Mr. William",male,26.577726811301005,2,0,92446,28.480031164935134,,S,1,0
450,0,1,"Wilson, Mr. George",male,28.93634720645708,0,0,98567,72.8358844634288,,S,1,0
451,0,3,"Williams, Mr. Robert",male,42.34391287478543,0,0,820068,27.85542800894893,,S,0,0
452,1,3,"Taylor, Mrs. Florence",female,33.01973831282554,0,2,354994,7.37052923669619,,S,0,0
453,1,2,"Miller, Ms. Elizabeth",female,20.42587675503387,3,0,954836,16.836522609980218,,Q,0,0
454,1,3,"Brown, Miss. Rose",female,34.06104935288542,0,0,192506,14.332065830625524,,S,0,0
455,1,1,"Brown, Mr. Robert",male,12.987833097510734,0,0,93866,101.27148553043742,A9,S,0,1
456,0,3,"Jones, Mr. John",male,30.519835880871323,0,1,726631,12.344905960712792,B45,S,0,1
457,0,1,"Jones, Mr. James",male,28.53478013097755,0,0,72726,37.15040531227086,,S,0,0
458,0,3,"Miller, Mrs. Edith",female,26.08636399818445,0,1,877333,48.799179164195074,,S,0,0
459,1,1,"Williams, Capt. Joseph",male,27.20047483985497,0,0,512253,69.43872337775937,,C,0,0
460,1,1,"Davis, Miss. Elizabeth",female,2.654113363033052,8,2,675468,85.47185545817725,,C,0,0
461,0,1,"Taylor, Rev. George",male,21.31785129162654,0,0,603184,115.8253311759954,,S,0,0
462,1,3,"Brown, Mr. James",male,30.299828615975606,0,0,183625,8.19073331901789,,S,0,0
463,0,3,"Taylor, Miss. Elizabeth",female,27.762918571125304,0,0,575168,12.416950342973616,B47,S,1,1
464,0,3,"Wilson, Col. Arthur",male,14.612548027036588,0,0,779680,7.993210606751849,,Q,0,0
465,1,3,"Moore, Mrs. Elizabeth",female,46.71990977210581,1,2,324221,15.397991743851469,,S,0,0
466,1,2,"Wilson, Miss. Florence",female,16.873552124996987,0,1,13625,16.94747210609314,C24,C,0,1
467,0,2,"Miller, Mr. James",male,42.57240080737432,0,0,48237,23.499129782599653,,S,0,0
468,1,3,"Moore, Mr. Thomas",male,34.980721066203586,0,0,11223,6.404393517154998,,Q,0,0
469,0,1,"Davis, Mr. George",male,19.95281766218676,0,0,200375,48.65121459345719,D10,S,0,1
470,0,3,"Taylor, Mrs. Emma",female,53.85435249653317,0,0,75197,5.2900211484239055,A77,C,0,1
471,0,1,"Brown, Mr. John",male,12.28908435540928,0,0,246486,52.23269224540706,,S,0,0
472,0,3,"Jones, Mr. Arthur",male,30.268762512030733,1,0,346837,2.562009992061784,,S,1,0
473,0,1,"Taylor, Mr. Robert",male,28.93634720645708,2,0,645843,66.53755407919412,C54,S,1,1
474,0,3,"Miller, Mrs. Florence",female,19.611317072926973,0,0,309904,8.709048011975327,G81,C,0,1
475,0,3,"Taylor, Mr. William",male,48.4945142009006,2,0,482398,13.137269987510203,,S,0,0
476,1,3,"Taylor, Mrs. Annie",female,25.49934879561466,0,0,906606,12.325512293353322,,Q,0,0
477,1,1,"Jones, Miss. Rose",female,26.157730365737372,0,0,399336,170.08094924785306,,C,1,0
478,0,3,"Taylor, Mr. Thomas",male,32.644505742797094,0,3,461182,56.9112342795949,F71,S,0,1
479,0,3,"Brown, Mr. George",male,30.268762512030733,0,0,301168,23.74637904700155,,C,1,0
480,1,3,"Anderson, Miss. Rose",female,40.35131582423695,0,0,473539,9.143489501717262,,S,0,0
481,0,3,"Anderson, Col. Robert",male,40.10884208773098,0,0,819634,8.925141661369288,,S,0,0
482,1,3,"Anderson, Miss. Annie",female,4.520552374665471,0,1,915846,20.208523587844237,,S,0,0
483,0,3,"Jones, Mr. Joseph",male,30.268762512030733,0,0,61524,4.370597961510617,,S,1,0
484,0,3,"Wilson, Mr. Robert",male,5.725112167500559,0,0,709268,9.932228701274816,,C,0,0
485,1,3,"Moore, Miss. Florence",female,43.4556468607832,1,0,439283,10.402174686525978,,S,0,0
486,0,3,"Wilson, Mr. Joseph",male,44.77387191558617,0,0,412576,17.036967478372322,,S,0,0
487,0,1,"Moore, Dr. George",male,13.726469976987223,0,0,370372,115.62433475645476,,S,0,0
488,1,2,"Wilson, Mr. Arthur",male,23.24859996863581,0,1,114755,12.794251254752272,,S,0,0
489,0,3,"Wilson, Major. William",male,13.5201346411969,0,1,678301,9.358481578073636,,S,0,0
490,0,3,"Brown, Mr. Charles",male,25.991105575957704,1,0,288137,15.673465746033983,,C,0,0
491,0,3,"Moore, Mr. Henry",male,24.68752002139962,0,0,548908,7.430210996473431,,S,0,0
492,0,3,"Taylor, Mrs. Edith",female,39.91524745177076,0,2,919703,24.74386824522675,,S,0,0
493,0,2,"Moore, Rev. John",male,47.34432244567452,1,0,554481,28.824837066081837,,S,0,0
494,1,1,"Smith, Mrs. Alice",female,48.53957335105939,0,1,847991,88.67095322525763,D16,S,0,1
495,0,3,"Moore, Mr. James",male,30.268762512030733,0,0,293392,15.172294111007083,,C,1,0
496,1,2,"Moore, Mrs. Florence",female,26.88217402885084,0,2,449068,15.113643869854716,,S,1,0
497,1,3,"Anderson, Mr. James",male,5.431865308906698,1,0,932531,8.241083240241151,,C,0,0
498,1,1,"Wilson, Mrs. Edith",female,17.717819069053355,0,2,859842,62.00365314424503,,S,0,0
499,0,3,"Taylor, Mr. Robert",male,42.507922863364406,0,0,276404,16.197981976772603,,S,0,0
500,0,3,"Brown, Mr. William",male,51.61815952967524,0,0,834028,13.5382043187541,,Q,0,0
501,0,3,"Smith, Mr. Charles",male,11.719115793681093,0,2,772436,9.311758663867788,,C,0,0
502,0,3,"Davis, Mr. Charles",male,20.70550037185948,0,0,19012,18.81502392756235,,S,0,0
503,0,2,"Jones, Mr. Arthur",male,28.630319402575022,0,0,35823,18.017876791950773,,S,0,0
504,0,3,"Jones, Mr. Charles",male,30.268762512030733,0,0,870283,7.916270531501771,,S,1,0
505,1,3,"Taylor, Mrs. Emma",female,17.665550721096956,2,1,57027,13.9783758778373,E40,S,0,1
506,1,1,"Anderson, Mr. Joseph",male,28.93634720645708,1,2,219239,43.563033172516974,,C,1,0
507,0,3,"Brown, Mr. James",male,30.268762512030733,0,0,355938,4.360437515100481,,C,1,0
508,0,3,"Anderson, Mr. Robert",male,28.79766820770409,1,1,821531,11.963303280968535,,S,0,0
509,0,3,"Brown, Mrs. Rose",female,36.647979472051794,0,0,897859,8.088621925138789,,Q,0,0
510,0,3,"Moore, Mr. Arthur",male,29.08991177735313,0,0,833424,10.302782848256651,,S,0,0
511,0,3,"Smith, Mr. George",male,22.89059753262804,0,0,916374,6.718513326614845,D20,S,0,1
512,1,2,"Wilson, Mr. Thomas",male,27.46546274503837,1,0,914318,41.309461154505335,G69,S,0,1
513,0,3,"Jones, Miss. Alice",female,27.762918571125304,1,0,152049,8.068850277582039,,S,0,0
514,0,3,"Taylor, Mrs. Margaret",female,27.762918571125304,0,3,983738,9.260027541386924,,S,1,0
515,0,1,"Moore, Mr. George",male,25.376855122660565,2,0,757590,100.35928480964957,E6,S,0,1
516,1,1,"Williams, Miss. Annie",female,51.38106038706604,0,0,712736,35.02485862037379,,S,0,0
517,1,2,"Brown, Lady. Rose",female,36.85287227117734,1,2,961482,8.376267500513425,,S,0,0
518,1,3,"Moore, Mr. Arthur",male,30.268762512030733,4,0,19218,15.081643638020804,,C,1,0
519,1,3,"Williams, Mrs. Edith",female,38.7573616631503,0,1,293932,9.188365567323494,,S,0,0
520,1,1,"Taylor, Mr. Joseph",male,24.32652714341586,1,0,30501,46.578057937748326,,S,0,0
521,0,3,"Miller, Mr. Robert",male,45.423744926212976,0,1,743349,17.23479927525052,,C,0,0
522,1,2,"Anderson, Mr. John",male,34.17499069077331,0,0,638021,12.287460589331202,,Q,0,0
523,0,3,"Smith, Mr. Robert",male,27.497769983940795,0,2,287354,10.177702215333154,,Q,0,0
524,0,3,"Davis, Mr. Thomas",male,35.26803696134389,0,0,138476,7.009233624281013,,S,0,0
525,1,3,"Davis, Miss. Helen",female,7.007733871041012,2,0,870657,14.396267355221273,,S,0,0
526,0,3,"Davis, Mr. Joseph",male,13.225255435262726,0,0,710849,26.686354448416743,D69,S,0,1
527,0,2,"Moore, Mr. John",male,12.285049910413225,0,0,233989,6.547663811037961,,S,0,0
528,0,2,"Williams, Mr. John",male,31.001203326691893,1,0,860153,21.398629690093173,,Q,0,0
529,1,1,"Smith, Miss. Emma",female,53.255209992791286,2,0,498260,133.75097825503315,,S,0,0
530,0,3,"Miller, Mr. James",male,60.238202046696856,0,0,445869,9.318670808421333,,S,0,0
531,0,3,"Taylor, Mr. Thomas",male,37.9327154201706,5,0,489894,6.087766253603219,,S,0,0
532,0,3,"Williams, Mr. Henry",male,36.011822649222395,0,0,182022,15.448080653264304,,S,0,0
533,0,3,"Brown, Mr. Robert",male,3.785191721861654,1,0,674276,21.887129101995217,A39,C,0,1
534,0,3,"Jones, Mrs. Margaret",female,21.40256680372369,0,0,206983,20.475313815280003,,S,0,0
535,1,3,"Taylor, Mrs. Emma",female,17.971027473284657,0,0,565737,14.94612774443834,,S,0,0
536,1,3,"Miller, Mr. Robert",male,20.308133624484377,0,0,361477,12.726098595608876,,S,0,0
537,0,3,"Taylor, Mrs. Annie",female,26.645986539812945,0,0,292926,6.997123363750736,,S,0,0
538,0,2,"Anderson, Mr. Joseph",male,22.390731912240216,0,0,495780,33.61186883595956,F2,S,0,1
539,1,3,"Davis, Miss. Mary",female,1.2898026547389705,0,0,816675,19.509094428556143,,S,0,0
540,0,1,"Davis, Mr. Robert",male,39.47074358564547,0,1,519590,40.41462172928918,C39,S,0,1
541,0,3,"Miller, Mr. Thomas",male,13.98159763964271,1,0,563667,14.93331296044367,,S,0,0
542,0,3,"Smith, Mr. Robert",male,32.34945609755609,0,0,47780,17.753824812448105,,Q,0,0
543,1,1,"Davis, Mrs. Rose",female,58.03715737649963,0,0,958244,135.81516737045663,,Q,0,0
544,0,3,"Wilson, Mr. William",male,30.268762512030733,0,0,649232,11.472041235655023,,Q,1,0
545,0,3,"Miller, Mr. James",male,0.5,0,0,792734,7.173302191628451,,S,0,0
546,0,2,"Brown, Mr. Robert",male,24.995940893678448,1,0,816416,14.79756389652457,,S,0,0
547,1,1,"Taylor, Miss. Margaret",female,44.41343488998,1,0,534338,43.714362944524,,S,0,0
548,0,3,"Miller, Mr. Henry",male,56.41686435908832,0,0,934094,11.637937672677891,,C,0,0
549,1,3,"Wilson, Mrs. Margaret",female,11.786305677666164,0,0,574493,10.347815264217042,,Q,0,0
550,1,3,"Davis, Mrs. Elizabeth",female,27.762918571125304,1,0,811594,43.46380410819355,,C,1,0
551,0,3,"Anderson, Mr. James",male,22.485653605079253,0,0,321890,20.52642201945988,,S,0,0
552,1,3,"Williams, Mrs. Elizabeth",female,27.5167230397421,1,0,678465,21.469546516109865,,Q,0,0
553,0,3,"Anderson, Mr. Robert",male,66.02080685823849,0,2,440715,15.9222602252163,,S,0,0
554,1,3,"Miller, Miss. Elizabeth",female,7.958415402467857,1,0,439857,9.626464859485036,F21,S,0,1
555,0,3,"Taylor, Mr. Joseph",male,32.55235526092403,0,0,545916,10.172344093425822,E82,S,0,1
556,1,2,"Miller, Miss. Annie",female,26.88217402885084,0,2,183104,17.91092198739258,,S,1,0
557,1,1,"Williams, Miss. Annie",female,44.201008549150856,2,0,468245,89.56517730551217,F12,S,0,1
558,1,1,"Jones, Mrs. Emma",female,30.371764148592536,0,0,310660,101.04121680837464,A37,S,0,1
559,1,3,"Wilson, Miss. Florence",female,27.762918571125304,0,1,359301,12.005103204104389,,S,1,0
560,0,3,"Davis, Mr. George",male,23.516920056094925,0,1,404692,10.0799425516118,F38,S,0,1
561,0,3,"Moore, Mr. Arthur",male,32.767777177431505,0,0,129558,8.40172692891846,,C,0,0
562,1,1,"Smith, Lady. Rose",female,24.195308143036254,0,0,312944,34.68951153432161,,S,0,0
563,0,1,"Smith, Mr. Henry",male,37.70200645798471,0,0,570076,172.7860516859354,,S,0,0
564,0,1,"Brown, Mr. Charles",male,28.93634720645708,0,2,130754,213.14771624986568,,C,1,0
565,1,2,"Wilson, Mrs. Alice",female,26.88217402885084,0,0,298384,41.072316994186416,,C,1,0
566,0,3,"Jones, Mrs. Alice",female,28.590320608410305,1,0,514204,5.637649786986627,,S,0,0
567,1,2,"Taylor, Miss. Annie",female,44.76470351081035,0,1,414138,32.07067994359307,,S,0,0
568,1,2,"Moore, Mr. Thomas",male,28.280487869761192,0,0,516906,36.9659808984156,,S,0,0
569,1,3,"Smith, Lady. Elizabeth",female,4.177545445103661,0,0,860630,9.420084234270142,G7,S,0,1
570,0,2,"Williams, Mr. Henry",male,46.66690100999588,0,0,330883,26.818410680049976,,S,0,0
571,1,3,"Jones, Mrs. Mary",female,16.319747787923333,0,0,738962,9.12597579577398,,C,0,0
572,0,3,"Taylor, Mr. John",male,19.84727125891652,0,1,284233,30.032017023106192,,S,0,0
573,1,2,"Anderson, Ms. Emma",female,20.66074188339111,0,0,566888,24.9021669772592,,C,0,0
574,1,3,"Jones, Miss. Helen",female,48.24213330439144,0,1,187248,6.921367425610865,,C,0,0
575,0,3,"Jones, Mr. James",male,30.268762512030733,0,0,804599,17.93567073866576,,Q,1,0
576,0,3,"Smith, Miss. Alice",female,72.92847947123991,0,0,874784,22.650344326855052,,S,0,0
577,0,1,"Anderson, Mr. Thomas",male,43.78479532692472,0,2,948668,90.09869002229745,,C,0,0
578,1,3,"Williams, Mrs. Margaret",female,32.12534479780823,0,0,358109,15.99972708383451,F50,S,0,1
579,1,3,"Miller, Miss. Elizabeth",female,28.23148399137199,0,0,397684,11.508139783477768,,S,0,0
580,0,2,"Williams, Mr. William",male,32.997757048007195,0,0,765897,10.126583559142812,,S,0,0
581,0,3,"Brown, Miss. Elizabeth",female,36.295713997310735,1,1,827847,10.955771496759686,A67,S,0,1
582,1,3,"Moore, Countess. Margaret",female,27.762918571125304,0,0,476869,16.423782380969975,E44,S,1,1
583,0,3,"Williams, Mr. John",male,30.268762512030733,0,0,81895,11.112721453862736,,S,1,0
584,0,2,"Jones, Mr. Robert",male,30.254129537573483,0,0,876332,32.33633529166833,,S,0,0
585,1,3,"Jones, Miss. Margaret",female,27.762918571125304,0,0,767861,9.483919811850903,,S,1,0
586,1,2,"Miller, Mrs. Mary",female,26.88217402885084,0,1,628618,16.4409927997438,,S,0,0
587,0,1,"Taylor, Mrs. Alice",female,26.271284075062464,0,0,479045,131.72265760453232,G43,S,0,1
588,1,1,"Williams, Mrs. Emma",female,44.8727813561389,1,0,68650,91.39019022588732,,C,0,0
589,0,1,"Williams, Rev. Joseph",male,37.309794111932064,0,0,986485,62.48919651121623,,S,0,0
590,1,1,"Anderson, Mrs. Elizabeth",female,0.5,2,0,478084,148.75636899452678,,S,0,0
591,1,1,"Brown, Mr. Henry",male,38.18261087141666,0,2,10615,52.92020451803357,,S,0,0
592,0,3,"Brown, Mr. Joseph",male,31.726306726062848,0,0,710972,7.758098568807624,,S,0,0
593,0,1,"Wilson, Mr. Charles",male,28.93634720645708,0,4,874369,14.648784284630318,,S,1,0
594,0,2,"Moore, Mr. James",male,23.5607416567556,0,0,781614,14.34427839255521,E48,S,0,1
595,0,3,"Williams, Mr. James",male,44.73757807980419,0,0,532915,26.314935221381766,,Q,0,0
596,0,3,"Anderson, Mr. James",male,42.26537046972001,0,2,314080,3.4609081927635037,,S,0,0
597,1,3,"Jones, Miss. Alice",female,18.179712650469472,0,0,694732,6.778491371742066,,S,0,0
598,1,1,"Brown, Mr. James",male,28.93634720645708,2,0,379956,104.11205470622232,,S,1,0
599,0,1,"Williams, Mr. Robert",male,15.396805716421996,1,3,340019,20.80319478485128,G82,C,0,1
600,0,1,"Smith, Mr. George",male,9.685345692954971,0,0,616070,58.88624114838951,G81,S,0,1
601,1,1,"Wilson, Mr. Arthur",male,20.225958855740487,0,0,71700,158.62525982887917,A61,S,0,1
602,0,2,"Moore, Mr. Charles",male,41.07350861335863,0,0,18109,68.13886496267213,,C,0,0
603,0,1,"Jones, Dr. Henry",male,42.34375063526521,0,0,33758,95.21853079603656,,S,0,0
604,0,1,"Anderson, Mr. Robert",male,28.93634720645708,0,0,753987,45.88537430649778,,S,1,0
605,1,1,"Davis, Miss. Edith",female,39.15134101587197,0,0,905024,44.9679220158937,,S,0,0
606,0,3,"Jones, Mr. John",male,30.268762512030733,0,0,547605,13.090037325726586,,S,1,0
607,1,1,"Jones, Mr. James",male,20.01925766687867,0,1,210073,94.68964296043158,,S,0,0
608,1,2,"Williams, Mr. Joseph",male,35.04691562543517,5,0,523909,60.97656009502496,,S,0,0
609,1,3,"Brown, Ms. Emma",female,40.205733353187554,1,0,978927,21.48574219245017,,S,0,0
610,0,3,"Williams, Major. John",male,39.56007861739004,2,0,35622,12.621106638366616,C84,S,0,1
611,0,1,"Davis, Mr. Robert",male,28.93634720645708,0,0,518911,65.4248583093631,B29,S,1,1
612,0,3,"Jones, Mr. James",male,38.91625386081489,0,0,541088,73.2394108278051,,Q,0,0
613,0,3,"Williams, Mr. George",male,30.268762512030733,0,1,780157,17.47661199745299,,C,1,0
614,0,1,"Jones, Mr. Robert",male,43.98210333642999,0,0,569827,53.55855848972542,,S,0,0
615,0,3,"Jones, Mr. Charles",male,28.62870237051316,0,1,243259,10.486963303752932,,S,0,0
616,0,3,"Anderson, Rev. Charles",male,16.653754882811953,0,2,667960,7.088216842838923,,S,0,0
617,0,1,"Smith, Mr. William",male,26.717062504787307,0,0,998558,18.90255161737975,,S,0,0
618,0,2,"Smith, Rev. George",male,26.577726811301005,0,0,619451,24.126790649362817,,S,1,0
619,0,3,"Anderson, Mrs. Elizabeth",female,27.762918571125304,0,0,256765,34.96610556065776,,Q,1,0
620,1,3,"Anderson, Miss. Florence",female,27.762918571125304,0,0,694729,4.511241209678948,,S,1,0
621,1,1,"Taylor, Miss. Rose",female,17.90612110600054,0,1,762341,82.6970716590415,B81,S,0,1
622,1,1,"Moore, Mrs. Elizabeth",female,24.68853858505344,0,2,288833,52.34643141558137,,S,0,0
623,0,2,"Anderson, Mr. Thomas",male,2.489394662647001,0,0,877891,27.34773715537854,,S,0,0
624,0,3,"Miller, Mr. William",male,31.98611190322114,0,0,48469,10.821214963072062,,S,0,0
625,0,3,"Moore, Mr. George",male,29.01687665507114,2,2,499155,5.306188904507173,,S,0,0
626,1,2,"Taylor, Mr. Arthur",male,17.560759165045333,0,2,666318,11.101386885845836,,S,0,0
627,1,3,"Williams, Miss. Annie",female,38.22943935805367,1,0,264905,7.29162428049127,F62,C,0,1
628,0,3,"Williams, Mr. Henry",male,42.12598192677181,0,0,785318,26.88309296184714,,S,0,0
629,1,1,"Williams, Mrs. Mary",female,6.494161898834364,0,0,856444,173.813381029601,,Q,0,0
630,1,2,"Anderson, Mr. Robert",male,26.577726811301005,0,2,734434,16.59204794761762,D13,C,1,1
631,0,3,"Wilson, Mrs. Margaret",female,18.232007102977825,0,0,70021,25.067914204826053,,S,0,0
632,0,3,"Jones, Mr. George",male,15.841356584475896,0,0,492156,10.81567365212972,,C,0,0
633,0,3,"Anderson, Rev. James",male,40.61264778704448,1,0,191854,9.864169946898048,D47,S,0,1
634,1,3,"Taylor, Mr. Charles",male,30.268762512030733,0,0,478735,12.418376534072072,,Q,1,0
635,0,1,"Anderson, Mr. Charles",male,25.29679222165145,0,0,241979,94.90930978905412,,S,0,0
636,0,2,"Brown, Mr. Robert",male,0.9459268983054514,0,6,986819,14.331578622352811,,S,0,0
637,0,3,"Wilson, Mr. Charles",male,30.268762512030733,2,0,558930,12.158470593868715,,S,1,0
638,1,2,"Brown, Mrs. Annie",female,11.650382472051383,0,0,351147,32.0765674293666,,S,0,0
639,0,2,"Davis, Mr. George",male,29.839056823728598,0,0,658002,21.61648152034804,G64,Q,0,1
640,0,2,"Smith, Mr. Joseph",male,26.577726811301005,0,0,534493,20.520040927714625,,S,1,0
641,0,1,"Smith, Mr. Charles",male,28.93634720645708,1,0,889377,107.61227953000804,,S,1,0
642,1,2,"Williams, Miss. Mary",female,10.67651441233243,8,0,22442,29.837199191901867,,S,0,0
643,0,1,"Wilson, Dr. Robert",male,0.5,0,0,888258,77.05019892332405,,Q,0,0
644,1,2,"Miller, Mr. Henry",male,31.57389362655173,1,0,757004,15.04767718335904,,S,0,0
645,1,1,"Brown, Capt. Henry",male,54.20715654115195,1,0,933195,89.6173210652665,,S,0,0
646,0,3,"Anderson, Mr. Arthur",male,30.268762512030733,0,0,48909,4.611385766260965,C53,S,1,1
647,0,3,"Taylor, Miss. Edith",female,31.93523181384476,0,2,291648,10.577334451506038,,S,0,0
648,0,3,"Taylor, Mr. John",male,22.117093401151337,0,2,467486,2.7236440414386327,B92,S,0,1
649,0,3,"Miller, Mr. Arthur",male,30.268762512030733,4,0,105698,4.39044935108104,,S,1,0
650,1,3,"Smith, Miss. Mary",female,15.37035320413744,0,0,770392,4.011619961394405,E76,S,0,1
651,0,1,"Davis, Dr. Robert",male,35.66900877098707,1,2,985555,149.970360836071,,C,0,0
652,0,3,"Anderson, Mr. John",male,36.076582228332775,0,0,966302,12.101092519198758,,S,0,0
653,0,3,"Wilson, Mr. Thomas",male,30.268762512030733,1,1,714690,5.62756720434083,,S,1,0
654,0,3,"Jones, Miss. Mary",female,67.63524054475508,0,2,97087,16.111709017958162,,S,0,0
655,1,2,"Wilson, Dr. Henry",male,34.49382354050274,0,0,219991,36.19514381854104,,C,0,0
656,1,1,"Miller, Miss. Annie",female,21.874509240095016,1,0,747392,108.53991313840842,,Q,0,0
657,1,2,"Jones, Mr. Thomas",male,26.577726811301005,1,2,51716,17.858975240640248,,S,1,0
658,0,2,"Davis, Mr. John",male,4.232937331552343,1,0,215696,22.993791497655124,,S,0,0
659,0,3,"Davis, Mr. William",male,19.274016164753185,0,0,188054,20.610580690216285,,S,0,0
660,1,3,"Jones, Mrs. Alice",female,23.270045866416545,1,0,168516,9.055380823775176,,S,0,0
661,0,2,"Brown, Mr. George",male,21.662762428915705,0,0,952238,20.361633666963208,,S,0,0
662,1,3,"Williams, Miss. Edith",female,31.132968208472107,0,0,707105,10.284015771765302,,S,0,0
663,1,3,"Williams, Miss. Helen",female,17.486120946649194,0,0,44571,4.557877880842162,,S,0,0
664,0,1,"Taylor, Rev. Henry",male,44.6944293425426,0,6,233023,138.65204801409195,,Q,0,0
665,1,1,"Brown, Mr. James",male,29.00289890885476,0,0,942893,213.14771624986568,,S,0,0
666,0,1,"Williams, Mr. Charles",male,28.8697955040594,8,0,889712,47.35866784603376,,S,0,0
667,1,2,"Moore, Mr. Joseph",male,24.40947396881915,0,0,749578,35.63543166832505,,S,0,0
668,1,1,"Williams, Miss. Margaret",female,31.172669574025708,0,0,579326,48.27097106433344,,S,0,0
669,1,1,"Moore, Miss. Annie",female,40.551375705346885,0,0,607083,86.63460431783317,,S,0,0
670,0,2,"Williams, Mr. George",male,16.860176980047395,0,2,841600,49.4291157303689,,S,0,0
671,1,1,"Brown, Mr. Henry",male,28.93634720645708,0,1,743442,58.543100487820766,,S,1,0
672,1,3,"Wilson, Mrs. Florence",female,24.74783559712669,2,0,77690,11.89472234298931,,S,0,0
673,1,1,"Williams, Mr. William",male,10.15780707137499,1,0,910485,27.143153372492733,,Q,0,0
674,1,3,"Williams, Miss. Rose",female,17.530389963899033,1,0,545518,8.055733254176493,,S,0,0
675,0,2,"Jones, Mr. Robert",male,22.33290777037477,8,0,879733,6.37235358129406,,S,0,0
676,0,3,"Smith, Countess. Margaret",female,41.241448529978186,0,0,146974,15.524408413967512,,S,0,0
677,0,1,"Davis, Mr. Joseph",male,32.67585860602695,0,0,863190,131.76356865928324,,S,0,0
678,0,2,"Moore, Mr. Joseph",male,31.71025875914562,0,5,37050,17.509635713733168,,S,0,0
679,0,3,"Davis, Mr. William",male,40.91257147035161,0,0,371949,14.245468129619786,,C,0,0
680,0,3,"Davis, Mr. William",male,27.07679496240845,0,0,215658,9.869689328797907,,Q,0,0
681,0,3,"Davis, Mr. Joseph",male,34.466507899004455,0,1,517728,18.71328817899467,,Q,0,0
682,1,2,"Smith, Mrs. Rose",female,27.55489545894505,0,0,865542,21.61547373054441,,S,0,0
683,1,1,"Miller, Mrs. Florence",female,26.157730365737372,0,0,898465,24.30370046326858,D28,C,1,1
684,0,3,"Jones, Mr. William",male,30.268762512030733,0,0,86693,21.092027819848944,,S,1,0
685,0,3,"Anderson, Mr. Henry",male,0.5,0,0,918860,9.498947215439127,,S,0,0
686,0,3,"Miller, Mr. George",male,30.268762512030733,0,1,553863,5.599509289703336,,S,1,0
687,1,3,"Davis, Mr. Robert",male,48.91847390539916,0,0,724300,9.221578864826464,,C,0,0
688,0,2,"Anderson, Mr. Robert",male,41.967015631382296,0,1,312388,6.388442410339813,,S,0,0
689,0,3,"Wilson, Mr. Charles",male,42.51556478427639,1,0,486697,5.668775102206086,,S,0,0
690,1,1,"Smith, Mr. Thomas",male,46.30583010528705,0,0,287106,87.16443574337715,,S,0,0
691,0,2,"Wilson, Mr. James",male,30.24120627346013,0,1,241898,22.91425681895954,,S,0,0
692,0,2,"Taylor, Mr. William",male,31.76241990367834,1,0,790839,24.03703038856972,,S,0,0
693,0,3,"Miller, Mr. Charles",male,20.352873463919096,0,0,372839,12.023133317213489,,C,0,0
694,1,2,"Taylor, Miss. Elizabeth",female,24.574980015621303,0,0,782723,13.197312356047576,B57,S,0,1
695,1,1,"Jones, Mr. Thomas",male,28.93634720645708,1,0,257943,77.42820740776418,,S,1,0
696,1,3,"Jones, Miss. Elizabeth",female,45.85438212036343,0,0,100388,9.231136588529012,A34,S,0,1
697,0,2,"Smith, Mr. Charles",male,26.577726811301005,1,0,761580,7.540310146853724,G58,S,1,1
698,0,3,"Williams, Mr. Arthur",male,22.69735029208024,1,0,87332,7.549321224515548,,S,0,0
699,0,1,"Miller, Mrs. Mary",female,29.007391423992363,0,0,951954,136.4217749924561,,S,0,0
700,1,3,"Davis, Mrs. Rose",female,27.762918571125304,0,2,718854,31.12100960241587,,S,1,0
701,1,3,"Smith, Mrs. Edith",female,8.786032574130413,0,0,923818,17.73733386732754,,S,0,0
702,1,1,"Wilson, Mr. Robert",male,0.5,0,1,317181,201.9954740120664,,S,0,0
703,0,2,"Anderson, Mr. George",male,21.29248410711783,0,0,122666,21.051365757917782,,S,0,0
704,1,1,"Miller, Miss. Emma",female,11.910026037201778,0,0,661336,213.14771624986568,,S,0,0
705,0,1,"Williams, Mr. Joseph",male,21.88603723293765,0,1,796360,213.14771624986568,,S,0,0
706,0,3,"Brown, Mr. Charles",male,30.268762512030733,0,0,355184,4.241109675687656,,Q,1,0
707,0,2,"Miller, Col. Arthur",male,22.654522273677813,0,0,645552,22.84262385106992,,S,0,0
708,0,3,"Moore, Mr. William",male,49.33454548259044,0,0,695401,12.638715519224824,,S,0,0
709,1,2,"Anderson, Mrs. Edith",female,33.57442670443248,0,0,807147,15.506665817229749,F52,S,0,1
710,0,3,"Taylor, Mr. George",male,30.268762512030733,1,0,425019,16.119923198060604,,S,1,0
711,0,3,"Davis, Mr. John",male,37.71090001660762,0,0,472122,12.299783873614311,,Q,0,0
712,0,3,"Miller, Mr. George",male,13.056336351069232,0,1,858158,7.718633167757872,,S,0,0
713,0,3,"Davis, Mr. Thomas",male,43.54756502388376,2,0,405124,11.809964056987438,,S,0,0
714,1,2,"Jones, Mr. James",male,26.577726811301005,0,2,914640,41.202091563653696,E29,S,1,1
715,0,2,"Brown, Mr. Thomas",male,38.386728641376976,0,2,178147,22.31491149001226,C75,S,0,1
716,1,3,"Smith, Rev. James",male,13.993998737437824,0,0,205659,17.48038681070955,,C,0,0
717,1,3,"Davis, Miss. Florence",female,7.247377275775101,0,0,325792,10.162198328090115,A75,S,0,1
718,0,3,"Moore, Col. Henry",male,40.450455212350406,0,2,555422,15.739052683392476,,S,0,0
719,0,1,"Davis, Mr. George",male,34.269733365365234,0,2,780545,38.7254852304283,,S,0,0
720,0,3,"Jones, Miss. Edith",female,16.371278238994854,0,0,852575,8.891309598875658,,S,0,0
721,0,3,"Davis, Mrs. Edith",female,27.762918571125304,1,0,79123,11.283093835370943,A78,C,1,1
722,0,1,"Smith, Mr. Thomas",male,44.75608698180677,0,0,498775,37.19688727213828,,S,0,0
723,1,1,"Jones, Mr. William",male,12.348233499857413,0,0,186225,48.613273132379376,,S,0,0
724,0,3,"Smith, Mr. James",male,51.99742134558349,1,0,667773,14.480077091359815,G9,S,0,1
725,1,3,"Anderson, Mrs. Edith",female,16.39130971492984,0,0,231646,12.972163592425025,,S,0,0
726,0,3,"Miller, Miss. Helen",female,27.762918571125304,1,0,163627,19.46710084468406,,S,1,0
727,1,1,"Wilson, Mrs. Helen",female,24.399341339514216,0,0,414168,55.79699549504434,,S,0,0
728,1,3,"Williams, Mr. Charles",male,37.4446240351528,1,0,734353,12.421986227165243,,S,0,0
729,1,1,"Anderson, Ms. Mary",female,26.157730365737372,0,0,477216,53.45852866380565,G48,S,1,1
730,0,1,"Smith, Mr. William",male,26.72089931498788,1,0,918089,122.20546458870244,,S,0,0
731,0,1,"Williams, Mr. Henry",male,29.572868455540096,2,0,76686,163.44463420744654,,Q,0,0
732,0,3,"Jones, Mr. William",male,30.268762512030733,0,0,909273,16.0370480086437,,S,1,0
733,0,3,"Davis, Miss. Margaret",female,39.37154083588176,0,0,566552,22.68316944966801,C93,S,0,1
734,0,3,"Miller, Mr. Thomas",male,21.815010069397808,0,0,246830,12.236295395681084,,S,0,0
735,1,2,"Davis, Ms. Florence",female,25.79960118523974,0,2,450769,32.43015093709079,,S,0,0
736,0,3,"Miller, Mr. Joseph",male,15.079108755480828,0,0,195431,12.555480900184968,,S,0,0
737,0,2,"Davis, Dr. Arthur",male,0.5,0,0,906317,10.813284598003156,C36,C,0,1
738,0,3,"Wilson, Mr. Thomas",male,26.325611323597634,0,0,763682,13.914611610348231,,S,0,0
739,0,2,"Smith, Col. Joseph",male,62.77661590258082,0,3,150880,11.007251218252202,,S,0,0
740,0,2,"Moore, Mrs. Margaret",female,26.88217402885084,0,0,62330,81.38651895548247,,S,1,0
741,0,3,"Moore, Mr. Charles",male,28.730354683718478,0,0,648960,9.820320453004603,,S,0,0
742,1,2,"Brown, Mrs. Annie",female,25.31952839108425,0,0,310489,29.451798764505376,,S,0,0
743,1,3,"Miller, Mrs. Edith",female,29.31452249936865,0,0,472833,11.910956824774331,,S,0,0
744,1,3,"Anderson, Miss. Edith",female,36.659667612452935,0,0,573510,5.724404893859619,,S,0,0
745,0,1,"Wilson, Mr. Charles",male,12.46862058567617,0,0,67755,25.608205222504026,,S,0,0
746,0,3,"Williams, Mr. William",male,44.600503725364206,0,0,805365,18.80861524973616,,S,0,0
747,0,2,"Wilson, Mr. James",male,39.01533841617741,0,0,864639,50.67014238942678,G92,S,0,1
748,1,3,"Jones, Mrs. Elizabeth",female,27.762918571125304,0,0,184811,7.721621844539299,,S,1,0
749,1,3,"Miller, Mrs. Helen",female,27.762918571125304,1,0,188810,4.441051345994294,,S,1,0
750,0,3,"Anderson, Mr. Charles",male,29.27463320771586,0,1,901123,9.873051850226652,,S,0,0
751,1,1,"Brown, Mrs. Alice",female,38.42005730353548,0,0,639425,45.59310083203594,,S,0,0
752,0,3,"Brown, Rev. William",male,37.28539787237929,0,1,225616,8.123143760517177,,S,0,0
753,0,3,"Miller, Mr. Thomas",male,24.043430046825662,1,0,949387,17.307343126450455,,S,0,0
754,0,2,"Jones, Mr. James",male,20.96957517944339,2,0,895250,19.40351907256766,D82,S,0,1
755,1,1,"Wilson, Mrs. Emma",female,30.42598813366781,0,0,370654,48.63396228720746,,S,0,0
756,0,3,"Taylor, Mr. Joseph",male,50.686282120932624,0,2,633539,17.081689862378084,D63,S,0,1
757,1,3,"Miller, Mrs. Alice",female,27.762918571125304,1,0,970905,17.904105728157138,,S,1,0
758,1,3,"Brown, Mrs. Elizabeth",female,27.762918571125304,0,0,680740,9.80284018183345,,S,1,0
759,1,3,"Jones, Mrs. Elizabeth",female,31.306651777311234,0,0,290356,13.03524134465143,,C,0,0
760,0,3,"Taylor, Mr. Arthur",male,29.712427825984253,0,0,300318,16.39879373915005,,S,0,0
761,1,1,"Davis, Rev. Arthur",male,31.426783301185715,0,0,410077,103.30528260145653,E87,S,0,1
762,0,2,"Davis, Mr. Arthur",male,26.577726811301005,2,0,671454,20.493355788526777,G86,S,1,1
763,0,2,"Anderson, Mr. Arthur",male,26.577726811301005,8,0,638937,47.24202915085765,,S,1,0
764,0,3,"Taylor, Mr. William",male,49.858088140429146,1,0,585607,17.022144901112497,,S,0,0
765,1,1,"Smith, Mrs. Annie",female,6.587344301328784,0,0,712088,61.04548394558249,,S,0,0
766,0,3,"Smith, Mr. John",male,30.268762512030733,1,0,427579,9.189901417570516,,S,1,0
767,0,3,"Jones, Mr. Thomas",male,27.554433357913336,0,0,97846,8.585329201197673,,S,0,0
768,0,3,"Taylor, Mr. William",male,30.268762512030733,0,0,180372,17.53465516941883,,S,1,0
769,1,2,"Wilson, Mr. William",male,26.538038337951004,1,0,64808,13.76437506884704,,S,0,0
770,0,3,"Smith, Mr. Henry",male,52.260582320192256,0,0,933447,9.299561014157089,,S,0,0
771,0,1,"Williams, Mr. George",male,28.93634720645708,0,2,221177,150.93360943932927,,S,1,0
772,0,3,"Smith, Miss. Alice",female,32.22981268006157,0,2,576904,13.462200927771564,,S,0,0
773,1,1,"Anderson, Mr. James",male,11.357693287583878,1,1,870761,164.21001879266106,B76,S,0,1
774,0,2,"Jones, Ms. Rose",female,20.370940287447315,0,0,769103,32.28388526620185,,S,0,0
775,1,3,"Anderson, Mrs. Florence",female,23.747250675464883,0,0,166359,5.923358204558979,,S,0,0
776,0,1,"Brown, Mr. John",male,28.93634720645708,0,0,924389,75.24480011122911,,S,1,0
777,1,1,"Williams, Miss. Emma",female,46.94301313005276,1,0,699331,144.8930752971502,,S,0,0
778,0,3,"Davis, Mr. Henry",male,36.80767485015174,1,0,66152,5.763823235586987,C47,C,0,1
779,1,3,"Davis, Mrs. Rose",female,13.439588602881551,0,1,52351,15.436473866661863,A67,Q,0,1
780,0,3,"Smith, Mr. William",male,32.45106689804807,0,1,515931,11.720796769323528,,S,0,0
781,0,3,"Moore, Mrs. Edith",female,35.97510447895499,0,1,725400,4.18720482248821,,S,0,0
782,1,3,"Wilson, Mrs. Rose",female,44.96208653929773,4,0,237977,12.893228260603586,,S,0,0
783,0,2,"Wilson, Mrs. Elizabeth",female,26.88217402885084,0,0,753919,12.100556749240315,,S,1,0
784,1,2,"Miller, Miss. Margaret",female,26.88217402885084,2,0,394521,9.925837484112495,,S,1,0
785,1,1,"Miller, Mr. John",male,17.647994843055265,0,0,70616,80.4399577901676,,S,0,0
786,1,3,"Davis, Mr. Arthur",male,11.39390997519537,1,0,776781,3.767436837328341,,Q,0,0
787,0,3,"Jones, Mr. Henry",male,25.72372197250226,1,0,164969,8.007130636444295,,S,0,0
788,1,2,"Anderson, Mr. Thomas",male,35.529017242248685,1,0,295154,92.4286342439735,,S,0,0
789,0,3,"Anderson, Ms. Elizabeth",female,42.82268323224743,3,0,967658,17.7261346740795,,S,0,0
790,0,3,"Smith, Mr. William",male,30.268762512030733,0,0,504651,7.071352098360467,C18,C,1,1
791,1,1,"Brown, Mrs. Alice",female,24.522134674432184,0,1,656110,185.7731301265541,,S,0,0
792,0,3,"Jones, Mr. John",male,31.124611891482367,0,0,161186,6.617254218720118,B30,S,0,1
793,1,3,"Anderson, Miss. Florence",female,17.307999377179677,1,1,815482,8.607978949052319,,S,0,0
794,0,3,"Williams, Mr. Thomas",male,58.25354210372683,0,0,256309,6.023062216519086,,C,0,0
795,1,1,"Smith, Mrs. Elizabeth",female,6.492745620347179,0,0,293269,93.28642154825276,,S,0,0
796,1,3,"Taylor, Countess. Alice",female,31.586368104540146,0,0,497310,27.278106562849747,,C,0,0
797,0,3,"Williams, Mr. Robert",male,57.33048706921495,0,0,453612,6.58966762023365,,S,0,0
798,0,3,"Miller, Mr. George",male,29.095197823839968,0,4,185918,3.4856022012318677,,S,0,0
799,0,3,"Wilson, Miss. Rose",female,26.33945350997908,0,0,423612,23.092009636315893,F66,S,0,1
800,0,3,"Williams, Rev. George",male,23.99576408065402,1,0,364805,30.48354257993819,,S,0,0
801,0,3,"Moore, Mr. Arthur",male,26.47451645532629,0,0,791444,3.62501479594809,E93,S,0,1
802,0,1,"Moore, Mr. Joseph",male,48.21987864547143,0,2,526941,105.4312666386618,,C,0,0
803,1,3,"Miller, Mr. George",male,0.5,0,0,622404,13.746852118376204,,S,0,0
804,1,3,"Davis, Mr. Thomas",male,50.46807181814856,0,0,129233,7.481411421165498,,S,0,0
805,0,2,"Wilson, Mr. Charles",male,26.577726811301005,1,0,966477,8.663500654819295,,S,1,0
806,0,3,"Taylor, Dr. Robert",male,25.266867390718197,1,0,426790,21.757463694908846,,S,0,0
807,0,3,"Anderson, Mr. Henry",male,22.99057811581873,0,0,886587,13.361119622310834,A42,S,0,1
808,0,3,"Moore, Mrs. Emma",female,37.23974577679007,1,0,926275,13.979088358113971,,S,0,0
809,0,3,"Smith, Mr. Arthur",male,6.6262590736275335,1,0,23869,8.263473651784132,,S,0,0
810,1,1,"Wilson, Mrs. Margaret",female,35.4704173251472,1,1,469410,49.44599737909532,D94,S,0,1
811,0,3,"Anderson, Mr. Thomas",male,57.34033472601594,0,0,596455,2.7508845789377405,,Q,0,0
812,0,3,"Williams, Mr. Thomas",male,30.268762512030733,2,0,721507,10.465559641503551,,S,1,0
813,1,1,"Anderson, Mr. George",male,31.65588634654554,0,0,253758,189.67696904958828,,C,0,0
814,0,3,"Miller, Mr. Charles",male,19.732249510847478,0,0,677482,7.033989193723462,,S,0,0
815,1,3,"Moore, Mr. George",male,34.9624208867025,0,0,184899,4.813660595441298,,S,0,0
816,0,3,"Brown, Mr. Thomas",male,29.26806888382053,0,0,678695,15.584945085459363,,S,0,0
817,0,3,"Brown, Mr. Charles",male,20.019183273379667,0,0,261536,17.40843134394089,,S,0,0
818,0,2,"Jones, Col. John",male,26.577726811301005,0,0,860008,14.072023777619606,,C,1,0
819,1,1,"Miller, Mrs. Alice",female,54.260873537014405,0,0,555965,64.89482976210256,,S,0,0
820,1,2,"Brown, Mr. Henry",male,26.32734691581782,1,0,431439,23.43133300261245,B5,S,0,1
821,0,3,"Williams, Mr. James",male,30.268762512030733,1,0,433030,10.93071775755802,B85,C,1,1
822,1,1,"Wilson, Mrs. Mary",female,26.157730365737372,0,0,135662,145.78081639538976,,S,1,0
823,0,2,"Moore, Mr. William",male,26.577726811301005,1,0,486827,86.32142413280185,,S,1,0
824,0,2,"Wilson, Col. Arthur",male,35.61368789032528,1,2,446401,7.172355630262508,,S,0,0
825,0,3,"Williams, Mrs. Alice",female,27.762918571125304,1,1,611082,25.097286384522768,B79,C,1,1
826,0,3,"Anderson, Mr. Charles",male,33.97858688299924,0,0,85675,12.782313663569433,,S,0,0
827,0,2,"Wilson, Miss. Annie",female,24.61718757267584,1,0,838757,46.00052626037037,,S,0,0
828,1,2,"Brown, Miss. Elizabeth",female,28.99007967592696,2,1,50503,30.88729642111731,,S,0,0
829,0,3,"Brown, Mr. James",male,11.494291724423956,1,1,815946,12.448504880123572,,Q,0,0
830,1,3,"Smith, Mr. Joseph",male,37.46321456897513,0,1,590484,18.933264760590134,,S,0,0
831,0,1,"Taylor, Mr. Robert",male,41.35266287252773,0,0,948421,63.15128342100616,D8,S,0,1
832,0,3,"Smith, Rev. Charles",male,22.67073534033688,0,0,982203,7.540781293845367,,S,0,0
833,0,1,"Anderson, Mr. Henry",male,22.419409931366975,0,1,891065,130.13137330091735,,Q,0,0
834,1,1,"Anderson, Mrs. Emma",female,32.72229521512868,0,0,715479,48.20340035729926,,C,0,0
835,0,3,"Anderson, Dr. Charles",male,22.885923695431664,0,0,617612,17.642842989061027,,Q,0,0
836,0,2,"Miller, Mr. John",male,28.074143395238487,1,0,428277,20.372395513672853,,S,0,0
837,0,3,"Brown, Ms. Annie",female,58.396105048331215,1,0,675307,2.9660813151872265,,S,0,0
838,1,2,"Moore, Ms. Elizabeth",female,26.88217402885084,0,0,484296,14.169656375624989,,S,1,0
839,0,3,"Williams, Mr. Robert",male,30.268762512030733,2,0,357694,14.670072978265964,,S,1,0
840,0,3,"Brown, Mr. Robert",male,19.93441472110777,0,0,876763,9.405609357368135,,S,0,0
841,0,1,"Davis, Mr. Charles",male,39.41868760099912,0,0,173704,17.356852194975243,A31,S,0,1
842,1,3,"Taylor, Mr. Thomas",male,26.46286157494656,1,0,160424,26.5056184230388,,C,0,0
843,1,1,"Anderson, Mr. William",male,19.90877746350004,1,0,295797,88.55746518662657,,S,0,0
844,0,3,"Smith, Mr. Henry",male,47.49825645182217,2,0,208187,15.660634775104864,,S,0,0
845,1,1,"Davis, Miss. Mary",female,48.87444206319092,0,0,893726,60.22339772711928,,S,0,0
846,1,2,"Brown, Mr. George",male,20.594070079658128,1,1,578043,27.51210491204034,,S,0,0
847,0,1,"Miller, Rev. Robert",male,2.868440680951373,0,0,900728,213.14771624986568,D21,C,0,1
848,0,3,"Miller, Mr. Robert",male,43.10519165771691,1,0,632642,7.72037439491641,,S,0,0
849,0,3,"Taylor, Mr. Charles",male,19.415182439359945,1,0,344132,32.626155185550864,,S,0,0
850,1,3,"Wilson, Miss. Alice",female,27.762918571125304,0,1,834353,15.241852367911347,F62,S,1,1
851,1,1,"Miller, Miss. Elizabeth",female,26.157730365737372,0,0,462219,47.482773677929785,,S,1,0
852,1,3,"Williams, Mrs. Elizabeth",female,41.49636273619033,1,0,484092,45.25626132255452,,S,0,0
853,0,1,"Wilson, Mr. John",male,12.043592990069062,0,0,843100,101.1910969931334,,S,0,0
854,0,3,"Anderson, Rev. James",male,39.23069766693134,0,0,327319,18.0075992804912,,S,0,0
855,0,1,"Jones, Mr. James",male,28.93634720645708,1,1,713098,68.06174935267194,,S,1,0
856,1,1,"Anderson, Mr. Arthur",male,15.644848128446972,0,1,325596,49.61189618814405,,S,0,0
857,1,1,"Moore, Mr. John",male,23.30149161902507,1,0,209395,88.47451827686301,C90,S,0,1
858,0,3,"Smith, Miss. Rose",female,38.60845839739381,0,0,318293,30.99372869560684,,C,0,0
859,0,3,"Brown, Mr. Arthur",male,30.48252234361328,0,0,254965,9.965316979851226,,S,0,0
860,0,1,"Jones, Mr. Henry",male,37.18178172661478,1,0,812271,78.72619035794763,,C,0,0
861,0,3,"Anderson, Mr. James",male,56.6701681832168,0,0,530724,28.75189657736014,,S,0,0
862,0,3,"Wilson, Dr. Arthur",male,7.10061743604528,0,0,536443,10.021277096799473,A26,S,0,1
863,0,3,"Moore, Mr. Robert",male,30.268762512030733,1,0,410235,16.29848952742095,,S,1,0
864,1,2,"Taylor, Miss. Edith",female,26.88217402885084,0,0,588800,33.85689182489692,,S,1,0
865,1,2,"Anderson, Mrs. Mary",female,16.417023323476204,0,2,464906,17.77270234828537,,S,0,0
866,1,3,"Brown, Mrs. Emma",female,10.375609239654144,0,0,882582,14.451658827317988,B40,S,0,1
867,0,1,"Davis, Dr. George",male,26.35231452912153,1,1,660329,118.94822343954084,,Q,0,0
868,0,1,"Miller, Mr. John",male,41.90310156694243,1,0,298334,62.89568236769352,,S,0,0
869,0,3,"Wilson, Mr. Charles",male,27.214312314714523,1,0,509127,19.577202446560808,A59,S,0,1
870,0,3,"Taylor, Mr. George",male,50.15616902346287,0,0,283072,8.642699703699968,,C,0,0
871,1,2,"Wilson, Miss. Annie",female,8.683540339278174,1,0,320569,13.338835277956708,,S,0,0
872,0,2,"Jones, Dr. Arthur",male,28.830754730155235,0,0,608422,8.000528780529828,,C,0,0
873,0,3,"Davis, Mr. Joseph",male,11.466491778216334,1,0,644163,8.871370051804089,,S,0,0
874,0,2,"Williams, Mr. Henry",male,34.09084635674955,0,6,227189,12.261087779039912,,Q,0,0
875,1,1,"Miller, Mr. Robert",male,41.41642346136221,1,0,658552,62.89723857540971,,S,0,0
876,1,1,"Williams, Miss. Edith",female,23.109334888465256,1,0,190046,115.49441962072616,,S,0,0
877,0,3,"Davis, Mr. Robert",male,30.268762512030733,0,2,382335,4.260992429254368,G1,S,1,1
878,0,3,"Wilson, Dr. Arthur",male,31.78527405515092,0,0,975300,3.6696787091217296,,S,0,0
879,1,1,"Williams, Mr. William",male,35.11433972426913,1,0,189815,51.03844155039455,,S,0,0
880,0,1,"Williams, Mr. James",male,28.93634720645708,0,0,482671,105.50569482317503,,S,1,0
881,1,1,"Brown, Miss. Margaret",female,46.30095068551016,3,1,900148,95.13963008513056,,S,0,0
882,1,3,"Anderson, Miss. Rose",female,14.005248484913317,0,2,211107,7.582699342457156,,S,0,0
883,1,1,"Wilson, Miss. Annie",female,26.157730365737372,0,2,965181,161.3654347482475,,C,1,0
884,1,1,"Williams, Mrs. Elizabeth",female,45.69510517469165,0,0,590609,53.89192615234286,,C,0,0
885,1,3,"Moore, Mr. Thomas",male,4.099773823908762,0,1,385926,15.837476177519958,,S,0,0
886,1,1,"Miller, Mrs. Mary",female,26.157730365737372,2,0,119398,64.35115213987244,C55,S,1,1
887,0,3,"Davis, Mr. George",male,21.9414823658926,0,0,331117,7.125221683837897,,S,0,0
888,0,1,"Jones, Mr. John",male,27.85868257657696,1,0,586702,55.64468479309331,,S,0,0
889,1,1,"Miller, Mrs. Annie",female,26.157730365737372,0,0,428818,124.26630274216204,,C,1,0
890,1,2,"Moore, Mr. James",male,22.178800102410268,0,3,258749,24.837319997371207,,Q,0,0
891,0,3,"Brown, Miss. Emma",female,19.540086891737435,0,2,301836,21.45093529787445,,S,0,0
